Record_ID,Observation_Date,Station,Climate_Zone,Urban_Level,Season,Weather_Type,Wind_Category,Sensor_Quality,Observation_Source,Temperature_Max_C,Temperature_Min_C,Relative_Humidity_pct,Rainfall_mm,Atmospheric_Pressure_hPa,Wind_Speed_kmh,Wind_Direction_deg,Dew_Point_C,Solar_Radiation_MJ_m2,Cloud_Cover_pct,Visibility_km,Storm_Flag,Fog_Flag,Target_Column
MET-00001,2024-08-13,Mumbai,Coastal,High,Monsoon,Rainy,Strong,Fair,Automatic Station,35.48,28.38,81.73,72.4,1003.73,12.09,251,23.54,12.0,87.94,3.62,False,False,
MET-00002,2024-10-19,Mumbai,Coastal,High,Post-Monsoon,Humid,Moderate,Good,Automatic Station,31.52,23.37,85.49,0.69,1001.56,11.06,200,19.54,10.84,53.28,4.49,False,False,76.07
MET-00003,2024-02-05,Pune,Inland,High,Winter,Clear,Strong,Excellent,,25.99,17.69,61.72,0.0,,14.85,201,10.22,10.52,23.19,5.0,False,False,60.82
MET-00004,2024-11-28,Aurangabad,Inland,Medium,Post-Monsoon,Clear,Moderate,Poor,Airport Station,25.85,17.54,79.66,0.0,1022.56,8.34,356,12.43,11.23,55.22,9.01,False,False,
MET-00005,2025-05-20,Pune,Inland,High,Summer,Clear,Moderate,Excellent,Automatic Station,36.81,26.19,64.97,0.0,1016.98,7.58,332,,13.34,41.93,6.9,False,False,83.54
MET-00006,2024-08-22,Solapur,Inland,Medium,Monsoon,Clear,Strong,Good,Manual Station,32.71,26.61,78.15,0.0,1009.63,47.99,231,24.24,8.98,,9.6,False,False,65.19
MET-00007,2025-02-09,Nagpur,Inland,High,Winter,Clear,Moderate,Excellent,Automatic Station,27.04,20.29,58.59,3.01,1007.25,8.11,280,11.96,12.16,23.89,7.22,False,False,49.22
MET-00008,2024-10-24,Pune,Inland,High,Post-Monsoon,Clear,Moderate,,Automatic Station,22.57,19.88,77.09,0.0,1017.52,7.29,340,17.11,8.36,42.08,7.13,False,False,48.37
MET-00009,2025-01-12,Mumbai,Coastal,High,Winter,Clear,Moderate,Good,,30.03,21.37,70.15,0.0,1004.56,8.0,81,16.71,10.5,68.06,8.99,False,False,59.24
MET-00010,2024-02-23,Mumbai,Coastal,High,Winter,Clear,Moderate,Good,Automatic Station,29.7,21.75,56.72,0.0,1010.85,8.48,251,13.81,13.97,45.9,6.88,False,False,62.37
MET-00011,2024-09-21,Mumbai,Coastal,High,Monsoon,Cloudy,Strong,Good,Manual Station,38.09,24.55,88.88,24.72,996.27,15.97,357,22.36,,75.73,4.8,False,False,81.57
MET-00012,2024-06-21,Solapur,Inland,Medium,Monsoon,Clear,Moderate,Fair,Airport Station,36.39,27.4,67.93,2.84,1000.41,8.0,132,20.78,9.11,59.72,,False,False,69.89
MET-00013,2024-12-09,Nashik,Inland,Medium,Winter,Clear,Calm,Good,Manual Station,25.54,,71.65,0.0,1028.54,4.73,66,9.75,6.71,62.61,7.7,False,False,54.89
MET-00014,2025-04-28,Kolhapur,Inland,Medium,,Clear,Moderate,Good,Manual Station,35.82,25.02,62.82,0.0,1014.81,11.2,123,18.41,10.67,58.03,5.81,False,False,78.0
MET-00015,2024-09-12,Aurangabad,Inland,Medium,Monsoon,Humid,Moderate,Good,Automatic Station,30.09,22.66,87.27,25.16,1018.27,8.79,46,20.09,8.72,62.92,5.87,False,False,52.38
MET-00016,2025-12-23,Aurangabad,Inland,Medium,Winter,Clear,Moderate,Good,Manual Station,25.91,13.14,71.93,0.0,1020.97,7.99,244,8.37,10.72,23.7,10.36,False,False,37.85
MET-00017,2024-09-06,Kolhapur,Inland,Medium,Monsoon,Clear,Strong,Good,Automatic Station,29.62,21.9,78.39,10.82,1032.0,15.2,109,18.94,9.92,,7.07,False,False,73.32
MET-00018,2024-12-07,Solapur,Inland,Medium,Winter,Clear,Moderate,Excellent,Automatic Station,23.56,15.18,64.08,0.0,1015.6,7.84,50,9.09,9.37,25.19,5.6,False,False,43.69
MET-00019,2025-07-24,Mumbai,Coastal,High,Monsoon,Clear,Moderate,Excellent,Manual Station,35.99,26.91,80.53,7.59,1012.84,9.95,258,23.23,11.38,62.21,3.97,False,False,81.23
MET-00020,2025-09-22,Pune,Inland,High,Monsoon,Clear,Moderate,Good,Airport Station,28.13,18.95,63.52,2.89,1013.32,8.73,114,11.87,12.18,42.42,5.43,False,False,67.76
MET-00021,2025-12-22,Ratnagiri,Coastal,Low,Winter,Clear,Moderate,Excellent,Automatic Station,30.45,18.93,68.68,1.36,998.22,9.76,52,12.78,11.35,31.42,8.52,False,False,55.52
MET-00022,2024-09-25,Pune,Inland,High,Monsoon,Rainy,Moderate,Excellent,Automatic Station,29.19,19.73,73.51,,1013.73,10.09,63,14.05,9.03,100.0,2.99,True,False,61.79
MET-00023,2024-02-18,Aurangabad,Inland,Medium,Winter,Clear,Moderate,Excellent,Manual Station,26.01,17.89,58.37,0.0,1012.99,5.31,127,,11.67,35.27,8.46,False,False,50.85
MET-00024,2024-01-31,Ratnagiri,Coastal,Low,Winter,Clear,Moderate,Excellent,Manual Station,30.4,19.71,61.26,0.0,1002.83,10.34,92,,11.97,38.51,5.78,False,False,
MET-00025,2025-07-05,Aurangabad,Inland,Medium,Monsoon,Rainy,Moderate,Good,Automatic Station,32.72,28.8,75.21,47.65,1012.38,7.75,116,25.46,11.8,64.0,6.52,False,False,62.16
MET-00026,2025-03-30,Solapur,Inland,Medium,Summer,Clear,Moderate,Excellent,Automatic Station,30.61,23.31,53.44,0.0,1010.72,9.26,96,15.64,11.78,22.31,11.13,False,False,49.23
MET-00027,2025-06-13,Mumbai,Coastal,High,Monsoon,Clear,Moderate,Excellent,Automatic Station,37.73,31.68,71.02,0.0,995.46,11.96,315,,,38.4,,False,False,73.82
MET-00028,2024-01-28,Pune,Inland,High,Winter,Clear,Moderate,Good,Automatic Station,22.75,15.57,59.29,0.0,1023.82,6.81,49,8.15,8.93,44.33,7.32,False,False,47.24
MET-00029,2024-11-03,Pune,Inland,High,,Clear,Moderate,Good,Automatic Station,28.92,20.44,73.2,,1011.17,9.12,144,15.39,7.41,58.76,7.19,False,False,59.57
MET-00030,2024-05-24,Mumbai,Coastal,High,,Humid,Moderate,Fair,Automatic Station,40.71,30.06,82.57,,993.86,11.03,151,26.66,11.3,38.87,9.55,False,False,72.99
MET-00031,2025-01-19,Nagpur,Inland,High,Winter,Clear,Moderate,Good,Manual Station,24.21,16.77,53.32,0.0,1017.87,9.43,34,8.64,13.6,39.18,6.01,False,False,59.98
MET-00032,2024-01-21,Nagpur,Inland,High,,Clear,Moderate,Excellent,Airport Station,25.27,19.06,,0.0,1019.24,6.24,81,11.01,15.06,16.99,10.19,False,False,53.3
MET-00033,2025-03-15,Mumbai,Coastal,High,Summer,Clear,Moderate,Excellent,Automatic Station,30.41,23.94,56.42,0.0,1004.29,11.39,21,15.77,8.84,54.38,9.55,False,False,71.61
MET-00034,2025-04-05,Mumbai,Coastal,High,Summer,Clear,Strong,Excellent,Manual Station,39.74,29.28,42.94,0.0,996.0,14.29,125,,14.1,,8.54,False,False,72.19
MET-00035,2024-11-16,Nagpur,Inland,High,Post-Monsoon,Clear,Moderate,Good,Manual Station,27.0,17.5,64.0,0.0,1013.04,7.19,127,10.7,14.14,38.51,9.36,False,False,57.02
MET-00036,2025-05-10,Nagpur,Inland,High,Summer,Clear,Moderate,,Automatic Station,35.89,29.94,62.11,0.0,1002.72,5.83,286,23.6,10.84,39.71,10.82,False,False,61.95
MET-00037,2024-10-07,,Inland,High,Post-Monsoon,Clear,Moderate,Good,Manual Station,27.36,20.45,78.67,0.0,1010.91,,175,15.14,9.92,41.41,8.8,False,False,56.31
MET-00038,2024-07-15,Solapur,Inland,Medium,Monsoon,Clear,Moderate,Fair,Automatic Station,36.03,31.4,71.11,0.0,1019.32,11.2,107,26.1,12.44,40.2,8.97,False,False,67.59
MET-00039,2024-04-04,Mumbai,Coastal,High,Summer,Clear,Moderate,Excellent,Automatic Station,35.64,28.15,68.8,0.0,1012.51,9.99,73,20.83,8.97,55.71,3.9,False,False,72.1
MET-00040,2025-01-09,Pune,Inland,High,Winter,Clear,Moderate,Good,Airport Station,23.12,15.78,50.72,0.0,1014.26,8.38,180,5.0,12.81,33.85,7.82,False,False,52.28
MET-00041,2025-08-18,Mumbai,Coastal,High,Monsoon,Rainy,Strong,Excellent,Manual Station,33.31,27.04,82.72,68.43,995.13,12.56,264,24.96,8.07,83.26,8.59,False,False,65.78
MET-00042,2025-04-02,Solapur,Inland,Medium,Summer,Clear,Moderate,Good,Automatic Station,32.91,24.07,54.31,0.0,1006.01,5.36,19,15.35,14.91,38.98,4.94,False,False,68.15
MET-00043,2025-01-18,Aurangabad,Inland,Medium,Winter,Clear,Moderate,Good,Manual Station,21.49,15.5,61.71,,1030.51,5.73,184,8.22,12.3,51.29,8.25,False,False,52.45
MET-00044,2024-10-24,Ratnagiri,Coastal,Low,Post-Monsoon,Cloudy,Moderate,Good,Manual Station,33.88,23.82,92.97,2.38,1008.51,8.79,222,22.22,7.11,73.45,5.17,False,False,68.87
MET-00045,2025-06-12,Nashik,Inland,Medium,Monsoon,Clear,Moderate,Good,Automatic Station,36.66,24.6,76.67,0.0,1008.21,8.96,97,19.47,10.79,,6.89,False,False,61.66
MET-00046,2024-11-23,,Coastal,High,,Humid,Moderate,Excellent,Manual Station,29.01,22.35,91.7,1.46,1004.91,11.45,70,20.58,8.33,,3.66,False,True,66.79
MET-00047,2024-06-07,Aurangabad,Inland,Medium,Monsoon,Clear,Moderate,Good,Automatic Station,35.62,,63.3,0.0,1005.45,11.32,143,20.12,15.96,27.98,9.41,False,False,65.09
MET-00048,2024-06-22,Nagpur,Inland,High,Monsoon,Clear,Moderate,Good,Automatic Station,39.04,29.77,61.51,10.01,1005.69,10.35,103,21.77,,35.32,5.34,False,False,66.73
MET-00049,2025-02-04,Nashik,Inland,Medium,,Clear,Calm,Fair,Manual Station,25.18,18.04,62.66,,1017.6,4.33,232,11.17,12.86,38.39,9.15,False,False,53.03
MET-00050,2025-03-09,Pune,Inland,High,Summer,Clear,Moderate,Fair,Airport Station,27.88,21.13,55.74,0.0,1018.15,5.43,215,13.0,14.52,,5.98,False,False,63.49
MET-00051,2024-03-30,Aurangabad,Inland,Medium,,,Moderate,Good,Manual Station,32.18,24.31,41.26,0.0,1015.17,11.46,251,13.73,13.88,33.81,9.56,False,False,67.84
MET-00052,2024-06-03,Solapur,Inland,Medium,Monsoon,Rainy,Moderate,Excellent,Automatic Station,38.75,27.79,54.49,56.81,1007.93,9.04,163,19.29,13.49,60.76,6.94,False,False,67.34
MET-00053,2024-08-23,,Coastal,Low,Monsoon,Rainy,Moderate,Fair,Automatic Station,37.44,25.97,87.8,46.22,997.97,10.94,177,23.64,12.95,83.02,5.22,False,False,62.9
MET-00054,2024-12-28,Nashik,Inland,Medium,Winter,Humid,Moderate,Good,Automatic Station,21.47,17.61,83.35,0.0,1024.73,,285,13.78,10.33,59.84,5.13,False,False,56.23
MET-00055,2024-08-11,Ratnagiri,Coastal,Low,Monsoon,Rainy,Moderate,Good,Automatic Station,36.3,29.0,80.67,63.63,999.92,9.76,64,25.87,9.9,79.29,2.68,False,False,
MET-00056,2025-02-16,Ratnagiri,Coastal,,Winter,Clear,Moderate,Excellent,Airport Station,30.55,23.15,63.07,0.0,1010.59,,127,15.73,11.61,42.75,6.78,False,False,54.87
MET-00057,2024-08-14,Nagpur,Inland,High,Monsoon,,Moderate,Good,Manual Station,32.68,27.6,70.82,24.22,1008.51,7.5,208,21.04,10.36,,6.04,False,False,63.6
MET-00058,2025-12-16,Pune,Inland,High,Winter,Clear,Moderate,Excellent,Automatic Station,23.36,18.74,79.42,,1020.35,7.64,7,14.85,7.41,45.07,7.4,False,False,49.31
MET-00059,2025-05-26,Pune,Inland,High,Summer,Clear,Moderate,Fair,Automatic Station,,30.06,,0.0,1006.27,9.32,284,23.03,9.71,39.47,6.71,False,False,72.21
MET-00060,2024-09-21,Nagpur,Inland,High,Monsoon,Clear,Moderate,Fair,Automatic Station,35.37,22.08,73.04,14.45,1007.08,10.45,56,17.48,,65.16,6.52,False,False,76.61
MET-00061,2025-03-20,,Coastal,High,Summer,Clear,Moderate,GOOD,Automatic Station,31.5,23.94,57.79,0.0,1004.29,5.43,234,16.53,13.68,27.66,11.28,False,False,48.65
MET-00062,2025-11-11,Aurangabad,Inland,Medium,Post-Monsoon,Clear,Moderate,Good,Automatic Station,24.87,16.57,65.13,0.0,1012.43,6.25,250,10.16,11.04,42.09,4.63,False,False,55.48
MET-00063,2024-08-23,Mumbai,Coastal,High,Monsoon,Clear,Strong,Excellent,Automatic Station,36.73,,67.13,0.0,995.9,12.25,222,21.75,13.51,33.13,8.32,False,False,69.7
MET-00064,2024-12-06,Nashik,Inland,Medium,Winter,Clear,Calm,Excellent,Automatic Station,27.18,13.37,53.52,0.0,1015.1,3.76,302,5.0,15.11,20.31,10.03,False,False,54.54
MET-00065,2024-08-22,Mumbai,Coastal,High,Monsoon,Rainy,Moderate,Good,Manual Station,38.44,,71.53,82.24,992.28,11.43,151,23.0,13.08,85.09,6.14,True,False,67.61
MET-00066,2024-03-30,Kolhapur,Inland,Medium,Summer,Clear,Moderate,,Automatic Station,30.06,23.16,50.88,0.0,,10.65,10,13.17,,35.38,7.45,False,False,63.24
MET-00067,2024-04-13,Nashik,Inland,Medium,Summer,Clear,Moderate,,Automatic Station,30.72,25.78,54.35,0.0,1008.04,7.76,179,18.65,12.65,31.43,7.78,False,False,58.23
MET-00068,2025-02-05,Aurangabad,Inland,Medium,Winter,Clear,Moderate,Excellent,Automatic Station,24.77,18.87,60.56,0.0,1016.7,5.37,4,9.78,11.22,46.36,9.11,False,False,51.92
MET-00069,2024-05-17,Pune,Inland,High,Summer,Clear,Moderate,Fair,,35.42,26.58,67.0,0.0,1006.09,9.27,330,19.51,15.82,44.88,5.21,False,False,72.67
MET-00070,2024-10-04,Nashik,Inland,Medium,Post-Monsoon,Clear,Moderate,Excellent,Automatic Station,29.32,19.32,61.93,0.0,1023.07,8.53,275,12.45,13.65,20.56,11.08,False,False,44.63
MET-00071,2025-09-05,Solapur,Inland,Medium,Monsoon,Humid,Moderate,Excellent,Automatic Station,34.12,23.16,89.01,10.23,1009.77,6.4,235,20.6,11.13,,5.47,False,False,68.24
MET-00072,2024-09-09,Aurangabad,,Medium,Monsoon,Cloudy,Moderate,Excellent,Automatic Station,,24.34,86.96,26.51,1019.57,8.17,39,21.32,7.89,73.0,4.21,False,False,58.53
MET-00073,2024-06-09,Nagpur,Inland,High,Monsoon,Clear,Moderate,Excellent,Automatic Station,34.99,25.17,67.02,16.35,1006.05,10.42,324,19.87,10.97,61.05,8.18,False,False,75.12
MET-00074,2025-06-15,Aurangabad,Inland,Medium,Monsoon,Clear,Moderate,Excellent,Automatic Station,33.75,26.07,74.92,196.77,1011.82,10.71,135,20.07,10.26,,7.75,False,False,66.98
MET-00075,2025-03-20,Nashik,Inland,Medium,,Clear,Moderate,,Manual Station,28.11,18.72,62.62,,1008.88,9.31,267,11.18,13.56,37.04,,False,False,49.3
MET-00076,2024-03-26,Solapur,Inland,Medium,Summer,Clear,Moderate,Excellent,Automatic Station,33.05,22.71,66.45,0.0,1006.07,9.94,326,16.46,12.9,,9.16,False,False,62.35
MET-00077,2024-07-13,Nagpur,Inland,High,Monsoon,Clear,Moderate,Good,Automatic Station,36.67,28.49,61.21,0.0,1002.08,8.59,324,21.21,11.66,46.42,8.5,False,False,66.25
MET-00078,2024-04-19,Mumbai,Coastal,High,Summer,Clear,Moderate,Good,Manual Station,33.34,29.37,60.8,0.0,999.72,8.34,348,22.14,15.0,38.4,9.3,False,False,64.76
MET-00079,2024-10-16,Nashik,Inland,Medium,Post-Monsoon,Humid,Moderate,Excellent,Manual Station,28.84,19.96,88.14,0.0,1014.47,9.53,18,17.87,,48.2,9.28,False,False,57.46
MET-00080,2024-02-24,Nagpur,Inland,High,Winter,Clear,Moderate,Excellent,Automatic Station,27.85,20.25,49.66,0.0,1009.74,6.06,154,11.24,,16.05,,False,False,60.38
MET-00081,2025-03-29,Solapur,Inland,Medium,Summer,Clear,Calm,GOOD,Automatic Station,29.97,,58.14,0.0,1014.23,4.05,245,14.92,,42.25,9.04,False,False,48.44
MET-00082,2025-12-27,Nashik,Inland,Medium,Winter,Clear,Moderate,Good,Manual Station,24.78,15.11,61.91,0.0,1020.77,9.87,199,6.29,,43.54,8.82,False,False,49.47
MET-00083,2025-07-22,Mumbai,Coastal,High,Monsoon,Clear,Strong,Fair,Manual Station,,29.7,69.03,23.7,1002.57,12.58,28,24.46,10.62,49.9,5.82,False,False,76.19
MET-00084,2025-08-23,Kolhapur,Inland,Medium,Monsoon,Clear,Moderate,Good,Manual Station,30.27,25.05,76.76,7.84,1018.48,8.2,273,,11.4,56.43,6.57,False,False,61.38
MET-00085,2025-05-13,Aurangabad,Inland,Medium,Summer,Clear,Moderate,Good,Automatic Station,33.74,26.43,61.97,0.0,,8.78,271,19.74,14.48,30.89,8.48,False,False,64.53
MET-00086,2025-04-18,Nagpur,Inland,High,Summer,,Moderate,Excellent,Automatic Station,33.59,25.42,58.08,0.0,1000.69,8.86,54,19.31,10.93,51.04,6.77,False,False,64.73
MET-00087,2024-05-14,Pune,Inland,High,Summer,Clear,Calm,Fair,Automatic Station,32.77,24.07,61.56,0.0,,4.97,26,18.3,,40.02,6.9,False,False,
MET-00088,2024-09-05,Pune,Inland,High,Monsoon,Clear,Moderate,Excellent,Automatic Station,31.82,23.89,72.04,33.04,1011.76,6.04,320,18.76,11.11,65.05,4.23,False,False,75.69
MET-00089,2025-03-23,Aurangabad,,Medium,Summer,Clear,Moderate,Excellent,Airport Station,29.51,20.51,53.46,0.0,1003.86,9.03,330,11.58,15.23,17.64,10.93,False,False,56.2
MET-00090,2025-08-07,Ratnagiri,coastal,Low,Monsoon,Rainy,Strong,Good,Automatic Station,35.23,30.51,82.64,56.44,995.14,13.68,6,27.08,8.33,84.06,6.86,False,False,64.44
MET-00091,2024-12-21,Kolhapur,Inland,Medium,Winter,,Moderate,Good,Airport Station,,15.35,55.07,0.0,1022.19,8.54,129,7.24,12.7,30.56,13.21,False,False,53.43
MET-00092,2025-07-29,Mumbai,Coastal,High,Monsoon,Clear,Moderate,Excellent,Automatic Station,36.37,31.25,73.72,27.11,1000.26,8.24,85,27.03,10.08,65.46,8.95,False,False,70.8
MET-00093,2025-06-05,Kolhapur,Inland,Medium,Monsoon,,Moderate,Excellent,Manual Station,33.16,25.54,66.16,29.74,1007.95,6.56,2,19.72,11.38,42.31,8.84,False,False,50.59
MET-00094,2024-11-13,Aurangabad,Inland,Medium,Post-Monsoon,Clear,Calm,Good,Automatic Station,26.28,16.25,69.69,0.0,1020.1,2.51,90,10.74,8.95,39.4,5.34,False,False,49.3
MET-00095,2025-12-02,Nagpur,Inland,High,Winter,Clear,Moderate,good,Automatic Station,24.62,16.79,63.15,0.45,1011.58,7.53,257,,11.63,48.07,7.77,False,False,53.38
MET-00096,2024-06-01,Pune,Inland,High,Monsoon,Clear,Strong,Good,Automatic Station,,27.02,63.03,28.23,1006.9,12.23,129,20.91,14.76,,7.14,False,False,70.77
MET-00097,2024-11-24,Kolhapur,Inland,Medium,Post-Monsoon,Clear,Moderate,Fair,Automatic Station,23.97,17.35,59.78,0.0,1024.25,9.02,43,10.93,15.48,34.24,7.62,False,False,50.38
MET-00098,2024-02-14,Aurangabad,Inland,Medium,Winter,Clear,Moderate,Good,Automatic Station,26.03,16.91,52.35,0.0,1020.45,7.1,50,7.71,11.9,28.29,6.11,False,False,53.9
MET-00099,2024-12-25,Mumbai,Coastal,High,Winter,Clear,Moderate,Good,Automatic Station,29.41,20.42,70.38,0.0,1008.83,9.99,135,16.04,12.57,31.33,11.71,False,False,56.11
MET-00100,2024-06-28,Pune,Inland,High,Monsoon,Clear,Moderate,Fair,Automatic Station,40.1,24.61,58.84,19.03,1000.72,6.81,324,16.4,12.37,54.81,4.0,False,False,77.43
MET-00101,2025-08-13,Mumbai,Coastal,High,Monsoon,Humid,Moderate,,Automatic Station,37.97,27.78,85.97,14.16,991.46,11.15,222,24.39,14.19,54.11,,False,False,70.82
MET-00102,2024-12-15,Pune,Inland,High,Winter,Clear,Moderate,Good,Manual Station,,,76.0,0.0,1022.95,6.03,144,10.48,14.05,37.46,7.5,False,False,45.11
MET-00103,2025-07-21,Kolhapur,Inland,Medium,Monsoon,Humid,Moderate,Fair,Manual Station,36.57,27.02,84.06,16.03,1002.69,9.71,169,24.03,10.88,49.56,9.4,False,False,62.2
MET-00104,2024-12-04,Kolhapur,Inland,Medium,Winter,Clear,Moderate,Fair,Automatic Station,22.27,15.67,50.71,0.0,1018.14,9.83,205,5.85,12.52,21.32,,False,False,54.98
MET-00105,2025-03-06,Pune,Inland,High,Summer,Clear,Moderate,Good,Automatic Station,27.34,19.75,44.52,0.0,1015.17,9.66,130,9.36,11.29,21.99,9.3,False,False,54.44
MET-00106,2024-12-14,Solapur,Inland,Medium,Winter,,Calm,Fair,Automatic Station,23.06,17.89,61.06,0.0,1018.0,1.98,155,9.62,11.52,36.66,9.59,False,False,48.39
MET-00107,2025-09-28,Mumbai,Coastal,High,Monsoon,Cloudy,Moderate,Poor,Automatic Station,33.07,,85.28,21.23,1002.85,9.7,46,22.94,10.36,78.77,6.32,False,False,66.49
MET-00108,2025-02-13,Pune,Inland,High,Winter,Clear,Moderate,Excellent,Automatic Station,23.39,20.49,56.32,0.62,1022.37,11.74,232,12.34,9.93,43.7,8.74,False,False,66.16
MET-00109,2025-09-09,Pune,Inland,High,Monsoon,Rainy,Moderate,Excellent,Automatic Station,27.62,20.45,69.74,53.81,1016.03,8.35,158,13.69,8.74,57.51,9.5,False,False,48.6
MET-00110,2025-09-16,Ratnagiri,Coastal,Low,Monsoon,Clear,Moderate,Good,Airport Station,36.13,26.87,81.82,0.03,993.63,10.74,38,23.22,8.68,55.83,5.91,False,False,
MET-00111,2025-03-06,Kolhapur,Inland,Medium,Summer,Clear,Moderate,Good,Automatic Station,26.01,19.93,49.32,0.0,1022.16,9.63,63,10.37,,42.58,9.32,False,False,56.85
MET-00112,2025-05-02,Pune,Inland,High,Summer,Clear,Moderate,Good,Automatic Station,36.33,24.41,52.93,0.0,1013.05,9.32,72,17.86,12.65,26.66,7.96,False,False,74.97
MET-00113,2025-11-03,,Coastal,Low,Post-Monsoon,Humid,Moderate,Good,Manual Station,31.41,19.73,88.54,0.0,1011.48,8.5,147,17.84,13.24,55.16,4.63,False,False,
MET-00114,2025-01-22,Aurangabad,Inland,Medium,Winter,Clear,Moderate,Excellent,Automatic Station,24.53,,64.28,0.0,,7.5,107,7.12,15.19,40.99,8.82,False,False,49.33
MET-00115,2025-01-05,Nagpur,,High,Winter,Clear,Calm,Good,Automatic Station,26.28,17.5,59.14,0.0,1017.75,4.93,256,10.48,13.78,41.34,10.33,False,False,57.56
MET-00116,2025-03-30,Pune,Inland,High,Summer,Clear,Moderate,Fair,Manual Station,29.51,20.32,54.47,0.0,1016.34,9.01,223,11.59,13.36,39.75,10.82,False,False,56.38
MET-00117,2024-06-21,Nashik,Inland,Medium,Monsoon,Clear,Moderate,Good,Automatic Station,34.14,27.06,64.3,24.08,1009.24,7.54,307,19.73,10.55,71.37,8.71,False,False,64.0
MET-00118,2024-03-21,Solapur,Inland,Medium,Summer,Clear,Moderate,Excellent,Automatic Station,30.0,19.88,60.12,0.0,1012.09,9.15,84,11.58,11.19,44.51,9.51,False,False,
MET-00119,2024-12-07,Pune,Inland,High,Winter,Clear,Moderate,Excellent,Automatic Station,25.06,16.59,71.95,0.0,1012.43,8.42,212,10.92,11.88,60.56,3.48,False,False,66.11
MET-00120,2025-08-02,Aurangabad,Inland,Medium,Monsoon,Clear,Moderate,Excellent,Automatic Station,32.06,22.94,79.61,4.12,1010.06,10.67,21,19.42,11.54,54.22,6.8,False,False,66.67
MET-00121,2025-01-25,Pune,Inland,High,Winter,Clear,Moderate,Good,,26.25,16.43,74.67,0.0,1017.69,11.04,234,12.28,9.86,47.22,3.44,False,False,59.06
MET-00122,2024-06-28,Nagpur,Inland,High,Monsoon,Clear,Moderate,,Manual Station,38.06,27.72,57.35,0.0,1004.31,8.57,60,20.95,12.73,36.68,7.89,False,False,65.72
MET-00123,2025-06-04,Mumbai,Coastal,High,Monsoon,Clear,Moderate,Excellent,Automatic Station,38.33,29.23,73.13,7.38,1000.38,9.74,219,24.42,10.86,48.26,5.66,False,False,77.42
MET-00124,2024-02-11,Nagpur,Inland,High,Winter,Clear,Strong,Excellent,Automatic Station,27.51,16.69,,0.0,1008.91,12.56,256,10.79,8.03,52.72,6.63,False,False,64.15
MET-00125,2024-09-10,Nagpur,Inland,High,Monsoon,Clear,Moderate,Good,Automatic Station,28.31,25.5,67.7,5.36,1014.03,10.13,354,19.12,12.02,54.86,11.64,False,False,51.75
MET-00126,2025-09-23,Ratnagiri,Coastal,Low,Monsoon,Cloudy,Strong,Good,Automatic Station,31.99,24.95,91.24,9.99,1003.62,14.46,213,24.03,10.41,74.65,7.48,False,False,76.39
MET-00127,2024-02-12,Solapur,,Medium,Winter,Clear,Moderate,Good,Manual Station,25.94,19.33,38.67,0.0,1023.13,6.26,101,7.05,16.28,22.61,10.92,False,False,53.29
MET-00128,2025-10-03,Nagpur,Inland,High,Post-Monsoon,Humid,Moderate,Good,Automatic Station,28.8,22.87,84.39,,1007.8,7.35,278,20.53,8.92,62.88,7.01,False,False,56.94
MET-00129,2025-07-10,Mumbai,Coastal,High,Monsoon,Clear,Strong,Good,Automatic Station,,31.44,80.04,28.74,1001.76,12.91,332,29.22,9.37,55.53,7.13,False,False,78.12
MET-00130,2025-02-07,Pune,Inland,High,Winter,Clear,Calm,Excellent,Airport Station,27.62,17.12,60.41,,1020.92,3.33,323,9.81,13.68,30.07,9.48,False,False,47.97
MET-00131,2024-07-13,,Inland,Medium,Monsoon,Clear,Moderate,Excellent,Airport Station,33.22,27.4,80.7,0.0,1015.89,10.56,104,23.8,12.03,44.31,6.52,False,False,59.78
MET-00132,2025-01-12,Pune,Inland,High,Winter,Clear,Moderate,Good,Automatic Station,22.1,17.4,48.27,0.0,1025.48,7.2,101,8.13,11.36,30.91,7.46,False,False,54.78
MET-00133,2025-08-31,Ratnagiri,Coastal,Low,Monsoon,Humid,Moderate,Good,Automatic Station,36.83,,87.87,0.67,1001.82,9.56,195,23.62,11.71,36.39,8.2,False,False,62.18
MET-00134,2025-12-28,Nashik,Inland,Medium,Winter,Clear,Moderate,Fair,Automatic Station,23.13,14.68,62.61,0.0,1014.47,8.36,210,8.36,7.83,52.17,7.89,False,False,52.69
MET-00135,2024-08-11,Aurangabad,Inland,Medium,Monsoon,Humid,Moderate,Good,Automatic Station,33.22,22.08,88.54,20.07,1014.37,11.18,116,20.27,9.41,57.06,4.99,False,False,65.13
MET-00136,2025-03-20,Pune,Inland,High,Summer,Clear,Moderate,Excellent,Automatic Station,32.34,24.07,44.35,0.0,1018.17,8.55,176,14.18,,39.99,8.94,False,False,69.7
MET-00137,2024-02-23,Ratnagiri,Coastal,Low,Winter,Clear,Moderate,Fair,Manual Station,27.81,23.9,58.45,0.24,1006.94,,160,16.32,16.37,16.08,9.56,False,False,51.17
MET-00138,2025-12-21,Aurangabad,Inland,Medium,Winter,Clear,Calm,Fair,Manual Station,21.36,16.75,,6.44,1024.88,2.49,40,13.55,10.13,42.18,8.9,False,False,35.77
MET-00139,2025-04-20,,Inland,Medium,Summer,Clear,Moderate,Excellent,,31.7,22.87,57.41,,1009.83,8.09,81,14.95,11.74,30.34,7.99,False,False,53.9
MET-00140,2024-07-25,Kolhapur,Inland,Medium,Monsoon,Clear,Moderate,Excellent,Manual Station,33.43,,72.28,0.0,1005.99,8.46,274,22.09,11.89,45.53,10.2,False,False,63.91
MET-00141,2025-03-23,Mumbai,Coastal,High,Summer,,Moderate,Fair,Automatic Station,35.91,,57.01,0.0,1004.03,7.23,73,17.65,14.9,36.41,8.96,False,False,69.53
MET-00142,2025-02-11,Nashik,Inland,Medium,Winter,,Moderate,Good,Automatic Station,24.77,16.94,54.71,0.0,1018.05,7.47,67,9.08,11.2,43.24,7.51,False,False,55.86
MET-00143,2024-10-13,,Inland,High,Post-Monsoon,Clear,Moderate,Fair,Manual Station,26.33,18.65,74.21,0.0,1019.34,7.7,204,13.59,8.44,55.41,8.49,False,False,60.19
MET-00144,2024-05-03,Mumbai,,High,Summer,Clear,Moderate,Excellent,Automatic Station,35.98,27.22,58.0,0.0,998.78,11.18,226,19.76,13.11,38.14,6.81,False,False,78.53
MET-00145,2024-07-09,Nagpur,,High,Monsoon,Clear,Calm,Good,Automatic Station,38.44,,67.55,0.0,1007.3,4.02,319,19.84,11.27,44.23,8.9,False,False,72.33
MET-00146,2025-01-11,Pune,Inland,High,Winter,Clear,Moderate,Excellent,Automatic Station,24.57,15.78,66.69,0.0,1020.61,6.39,126,10.14,8.84,45.38,6.69,False,False,52.78
MET-00147,2025-10-12,Pune,Inland,High,Post-Monsoon,Clear,Moderate,Fair,Automatic Station,28.85,17.64,77.47,0.0,1022.11,7.68,129,14.64,6.72,67.78,4.5,False,False,
MET-00148,2025-10-28,Solapur,Inland,Medium,Post-Monsoon,Humid,Calm,Good,Automatic Station,26.02,19.46,84.92,0.0,1012.88,3.25,181,16.98,10.45,50.33,6.38,False,False,52.37
MET-00149,2025-08-13,Kolhapur,Inland,Medium,Monsoon,Humid,Moderate,Good,Automatic Station,33.96,24.95,86.86,30.5,1014.91,9.39,115,22.43,10.88,70.12,7.2,False,False,66.46
MET-00150,2024-09-03,,Coastal,High,Monsoon,Rainy,Strong,Excellent,Manual Station,36.36,25.73,91.88,50.93,996.13,13.71,214,25.22,,84.36,4.32,False,False,75.54
MET-00151,2024-05-22,Pune,Inland,High,Summer,,Moderate,Excellent,Manual Station,33.96,26.2,73.17,0.0,1008.57,10.33,353,21.61,8.62,54.61,8.02,False,False,54.91
MET-00152,2025-02-26,,Inland,High,Winter,Clear,Moderate,Good,Automatic Station,25.4,21.24,,0.0,1017.5,8.66,54,12.82,6.77,35.63,6.19,False,False,56.86
MET-00153,2024-11-28,Aurangabad,Inland,Medium,Post-Monsoon,Clear,Moderate,Excellent,,25.15,14.66,72.94,0.0,1014.08,7.29,196,9.37,11.13,45.73,4.47,False,False,54.92
MET-00154,2025-12-17,Nagpur,Inland,High,Winter,Clear,Moderate,Poor,Manual Station,26.48,16.6,62.34,2.29,,8.35,8,9.15,10.81,48.98,8.18,False,False,63.92
MET-00155,2025-11-06,Ratnagiri,Coastal,Low,Post-Monsoon,Clear,Moderate,Excellent,Manual Station,,20.53,79.39,0.0,1000.69,9.87,310,17.72,10.94,45.01,9.63,False,False,50.76
MET-00156,2024-05-17,Ratnagiri,Coastal,Low,Summer,Clear,Moderate,,Manual Station,,29.7,72.35,0.0,1000.96,10.67,50,24.47,14.09,42.56,4.49,False,False,70.68
MET-00157,2024-10-08,Nagpur,,High,Post-Monsoon,Humid,Moderate,Good,Automatic Station,26.82,22.27,90.93,0.53,1011.14,6.48,135,21.27,6.68,67.18,8.9,False,False,58.23
MET-00158,2024-09-08,Aurangabad,Inland,,Monsoon,Rainy,Strong,Excellent,Manual Station,28.94,23.45,93.44,82.29,1011.75,12.39,312,21.86,10.9,100.0,6.1,True,False,61.07
MET-00159,2024-10-28,Nagpur,Inland,High,Post-Monsoon,Clear,Moderate,Good,Automatic Station,28.03,21.08,79.46,2.06,1013.05,8.89,125,16.21,13.34,48.88,5.27,False,False,59.79
MET-00160,2025-11-07,Nagpur,,High,,Clear,Moderate,Good,Automatic Station,27.73,20.42,79.83,319.02,1003.51,7.8,322,15.93,10.78,60.0,11.2,False,False,57.93
MET-00161,2024-10-18,Pune,Inland,High,Post-Monsoon,Clear,Moderate,,Manual Station,25.98,18.17,74.1,0.0,1006.94,11.41,94,13.26,8.63,57.93,9.12,False,False,62.01
MET-00162,2024-02-02,Nashik,Inland,Medium,Winter,Clear,Strong,Excellent,Airport Station,26.85,19.04,52.07,3.82,1016.69,13.36,3,9.94,12.15,30.36,9.04,False,False,60.37
MET-00163,2025-01-26,Nagpur,Inland,High,Winter,Clear,Calm,Good,Automatic Station,27.59,17.3,59.64,0.0,1017.6,4.84,17,8.04,13.27,44.08,5.96,False,False,62.4
MET-00164,2024-01-24,Solapur,Inland,Medium,Winter,Clear,Moderate,Good,Automatic Station,26.5,15.55,52.01,0.0,1013.27,6.85,100,7.23,14.17,40.58,6.85,False,False,50.89
MET-00165,2025-06-07,Pune,Inland,High,Monsoon,Clear,Moderate,,Automatic Station,33.76,25.62,67.63,31.68,1015.32,8.34,345,19.59,,50.55,5.14,False,False,70.8
MET-00166,2024-12-05,Solapur,Inland,Medium,Winter,Clear,Moderate,Poor,Airport Station,22.83,15.91,69.88,0.0,1014.19,5.2,205,9.17,7.23,50.83,7.37,False,False,55.86
MET-00167,2025-08-06,Aurangabad,Inland,Medium,Monsoon,Clear,Moderate,Excellent,Manual Station,32.23,24.9,69.26,0.0,1020.6,7.74,281,18.55,13.04,43.21,7.53,False,False,54.83
MET-00168,2025-06-12,Kolhapur,Inland,Medium,,Clear,Moderate,Excellent,Automatic Station,34.61,28.33,69.51,10.43,1009.78,,214,23.33,11.51,56.74,8.2,False,False,
MET-00169,2024-11-05,Pune,Inland,High,Post-Monsoon,Clear,Moderate,Good,Automatic Station,24.54,15.87,,0.0,1021.9,,208,8.55,10.69,50.95,6.34,False,False,68.83
MET-00170,2024-10-18,Aurangabad,Inland,Medium,Post-Monsoon,Humid,Calm,Excellent,Automatic Station,29.33,17.5,82.37,1.28,1019.19,4.69,299,,9.19,,6.41,False,False,62.59
MET-00171,2025-12-02,Pune,,High,Winter,Clear,Moderate,Good,Automatic Station,23.56,14.53,68.26,0.0,1024.07,8.51,305,,9.53,61.71,8.17,False,False,52.62
MET-00172,2024-03-28,Nagpur,Inland,High,Summer,Clear,Moderate,Good,Manual Station,32.35,22.24,58.69,0.0,,7.72,130,13.12,12.73,26.86,11.44,False,False,
MET-00173,2024-02-14,Nagpur,Inland,High,Winter,Clear,Moderate,Good,Automatic Station,31.46,20.33,49.74,0.0,1008.34,6.67,160,11.78,13.9,22.29,10.16,False,False,60.32
MET-00174,2025-09-15,Ratnagiri,Coastal,Low,Monsoon,Clear,Strong,Excellent,Manual Station,32.11,23.72,81.57,6.02,1010.93,12.17,173,21.46,11.88,49.82,7.43,False,False,64.56
MET-00175,2025-12-20,Kolhapur,Inland,Medium,Winter,Clear,Moderate,Good,Automatic Station,23.16,17.38,67.62,,1018.83,7.57,278,11.32,10.24,58.65,9.6,False,False,40.49
MET-00176,2025-01-25,Aurangabad,,,Winter,Clear,Moderate,Fair,Automatic Station,23.23,16.67,66.48,0.0,1025.09,8.96,6,11.42,13.59,,7.56,False,False,49.9
MET-00177,2024-08-25,Pune,Inland,High,Monsoon,Humid,Strong,Good,Manual Station,32.2,24.61,84.75,0.0,1012.95,12.61,129,22.0,9.56,56.64,3.91,False,False,71.71
MET-00178,2025-09-17,Nagpur,Inland,High,Monsoon,Clear,Calm,Good,Manual Station,31.9,22.89,74.58,22.0,1011.48,4.04,309,,10.28,68.85,8.09,False,False,53.95
MET-00179,2024-05-24,Ratnagiri,Coastal,Low,Summer,Clear,Moderate,Excellent,Automatic Station,37.83,30.34,68.4,0.0,995.71,8.55,298,23.83,9.93,38.91,8.19,False,False,65.09
MET-00180,2025-04-10,Mumbai,Coastal,High,Summer,Clear,Moderate,Excellent,Automatic Station,35.74,26.33,69.14,0.06,997.57,7.23,248,20.37,12.81,32.27,12.73,False,False,61.51
MET-00181,2025-03-20,Mumbai,Coastal,High,Summer,Clear,Moderate,Excellent,Automatic Station,32.51,25.23,52.34,10.88,1001.97,9.06,81,16.25,13.98,26.7,8.28,False,False,60.24
MET-00182,2024-10-01,Kolhapur,Inland,Medium,Post-Monsoon,Humid,Moderate,good,Manual Station,,18.84,84.77,0.14,1021.9,7.15,73,,11.03,55.8,7.63,False,False,58.66
MET-00183,2024-02-16,Ratnagiri,Coastal,Low,Winter,Clear,Moderate,Excellent,Automatic Station,29.69,21.77,65.89,0.0,1014.63,,48,15.76,14.87,,8.77,False,False,46.46
MET-00184,2024-10-01,Kolhapur,Inland,Medium,,Humid,Moderate,Excellent,Manual Station,,20.6,89.47,0.0,1000.96,6.97,283,17.75,6.85,68.03,5.76,False,False,76.09
MET-00185,2024-10-07,Aurangabad,Inland,Medium,Post-Monsoon,,Moderate,Excellent,Automatic Station,26.92,18.67,80.73,0.0,1019.35,5.43,169,15.16,10.34,38.91,4.12,False,False,46.69
MET-00186,2024-08-21,,Inland,High,Monsoon,Humid,Moderate,Fair,Manual Station,34.28,,82.96,4.41,1004.57,10.64,33,23.58,10.01,56.58,6.25,False,False,66.4
MET-00187,2024-08-16,Aurangabad,Inland,Medium,Monsoon,Rainy,Moderate,Excellent,,,24.2,92.48,49.57,1015.95,10.76,343,22.64,7.06,79.68,5.79,False,False,68.56
MET-00188,2025-02-13,Kolhapur,Inland,Medium,Winter,Clear,Moderate,Excellent,Automatic Station,27.5,20.75,45.5,0.0,1023.25,6.3,57,11.09,11.93,26.89,11.78,False,False,44.55
MET-00189,2025-09-09,Pune,Inland,High,Monsoon,Humid,Calm,Excellent,Airport Station,32.08,24.42,88.54,21.39,1012.2,4.88,222,23.46,10.64,66.81,6.03,False,False,49.97
MET-00190,2024-02-06,Pune,Inland,High,Winter,Clear,Moderate,Good,Automatic Station,26.58,15.87,61.34,0.0,1018.82,9.7,200,9.9,9.11,23.37,10.7,False,False,53.76
MET-00191,2025-10-11,,Inland,Medium,Post-Monsoon,Humid,Moderate,Good,Automatic Station,23.78,19.51,87.9,0.0,1028.98,5.46,42,17.71,10.54,56.51,8.78,False,False,41.8
MET-00192,2025-04-05,Solapur,Inland,Medium,Summer,Clear,Moderate,Good,Manual Station,33.13,22.75,58.89,0.0,1013.51,10.59,148,15.29,15.42,24.58,7.99,False,False,61.48
MET-00193,2025-12-21,Mumbai,Coastal,High,Winter,Clear,Moderate,,Automatic Station,30.18,19.15,73.71,0.0,1001.92,9.9,154,14.22,9.81,54.91,8.16,False,False,72.98
MET-00194,2024-02-21,Nashik,Inland,Medium,Winter,Clear,Moderate,Good,Automatic Station,,19.16,52.95,0.0,1020.68,6.89,318,11.06,12.06,,11.63,False,False,42.52
MET-00195,2024-03-24,Mumbai,Coastal,High,Summer,Clear,Moderate,Good,Manual Station,32.07,24.55,64.93,,1007.9,8.14,31,18.19,11.39,37.83,10.13,False,False,57.94
MET-00196,2025-06-29,Kolhapur,Inland,Medium,Monsoon,RAINY,Moderate,Excellent,Automatic Station,35.66,29.11,,107.72,1004.78,10.5,216,21.17,12.88,83.27,8.9,True,False,
MET-00197,2024-09-13,Nagpur,Inland,High,Monsoon,Humid,Moderate,Excellent,Manual Station,30.73,21.83,88.94,7.38,1002.02,9.23,338,18.77,,67.03,10.86,False,False,50.27
MET-00198,2024-02-21,Mumbai,Coastal,High,Winter,Clear,Moderate,,Automatic Station,32.3,22.58,,0.0,,6.46,54,14.2,14.83,23.63,9.8,False,False,61.74
MET-00199,2025-06-29,Nagpur,Inland,High,Monsoon,Clear,Moderate,Good,Automatic Station,,27.92,77.45,0.0,1008.68,11.44,7,24.21,12.23,52.86,7.9,False,False,76.37
MET-00200,2025-05-24,Aurangabad,Inland,Medium,Summer,Clear,Moderate,Good,Airport Station,34.78,24.97,61.37,0.0,1001.94,6.73,274,17.74,10.49,44.92,8.8,False,False,60.97
MET-00201,2025-08-18,Nagpur,Inland,High,Monsoon,,Moderate,Good,Automatic Station,32.28,24.08,71.46,20.94,1003.88,9.69,10,19.35,11.07,60.35,8.81,False,False,63.48
MET-00202,2025-02-23,Mumbai,Coastal,High,Winter,Clear,Moderate,Poor,Automatic Station,33.38,26.12,53.23,0.0,996.28,6.85,40,18.28,14.59,33.7,8.59,False,False,67.92
MET-00203,2024-01-13,Kolhapur,Inland,Medium,Winter,,Moderate,Good,Automatic Station,21.77,16.98,54.85,0.0,1017.03,7.69,218,7.87,12.09,32.26,9.74,False,False,50.04
MET-00204,2024-09-18,Pune,Inland,High,Monsoon,Clear,Moderate,Good,Automatic Station,32.01,21.49,73.23,1.65,1009.71,8.26,299,17.46,13.18,51.25,6.64,False,False,64.95
MET-00205,2025-06-12,Mumbai,Coastal,High,Monsoon,Clear,Moderate,Excellent,Automatic Station,38.44,29.73,73.13,0.85,999.5,10.73,298,23.9,13.52,36.98,8.35,False,False,71.43
MET-00206,2025-01-17,Ratnagiri,Coastal,Low,Winter,Clear,Moderate,Good,,28.82,22.36,79.5,4.22,1008.33,10.81,265,17.04,13.3,36.27,,False,False,54.84
MET-00207,2025-11-27,Nashik,Inland,Medium,Post-Monsoon,Clear,Moderate,Excellent,Automatic Station,25.65,16.47,71.91,0.0,1013.79,10.9,76,10.15,10.26,64.09,,False,False,61.62
MET-00208,2024-01-11,Mumbai,Coastal,High,Winter,Clear,Moderate,Good,Automatic Station,26.66,21.88,73.21,0.73,1006.24,8.06,328,16.86,10.43,,8.66,False,False,50.67
MET-00209,2025-10-04,Ratnagiri,Coastal,Low,Post-Monsoon,Humid,Calm,Excellent,Automatic Station,29.61,23.52,86.26,4.12,1009.17,4.99,301,22.77,12.75,,8.83,False,False,48.16
MET-00210,2025-05-17,Mumbai,Coastal,High,Summer,Clear,Moderate,Good,Automatic Station,40.94,31.61,56.86,0.14,993.47,9.01,278,23.23,12.57,50.3,9.26,False,False,79.36
MET-00211,2024-04-19,Nashik,Inland,Medium,Summer,Clear,Moderate,Good,Manual Station,34.05,24.52,39.86,0.0,1005.59,10.35,230,14.82,16.7,13.68,8.12,False,False,64.49
MET-00212,2025-01-19,Pune,Inland,High,Winter,Clear,Moderate,Good,Automatic Station,25.55,17.0,55.42,0.0,1010.93,11.29,1,8.37,14.93,40.78,8.62,False,False,63.47
MET-00213,2024-04-18,Mumbai,Coastal,High,Summer,Clear,Moderate,Excellent,Manual Station,33.14,27.4,53.16,0.15,1001.4,10.33,111,18.66,15.27,15.72,9.88,False,False,57.51
MET-00214,2024-02-24,Nashik,Inland,Medium,Winter,Clear,Moderate,Excellent,Automatic Station,24.95,20.84,49.84,0.0,1024.17,9.84,10,12.18,15.17,35.43,10.48,False,False,47.97
MET-00215,2025-06-01,Solapur,Inland,Medium,Monsoon,Clear,Moderate,Good,Manual Station,36.17,26.57,53.63,3.78,1016.48,11.25,194,19.9,14.52,35.29,6.56,False,False,69.1
MET-00216,2024-01-03,Pune,Inland,High,Winter,Clear,Moderate,Excellent,Automatic Station,25.5,16.66,63.38,0.0,1015.87,6.91,283,10.0,14.59,52.35,6.24,False,False,57.79
MET-00217,2025-03-02,Kolhapur,Inland,Medium,Summer,Clear,Calm,Good,Automatic Station,26.93,17.77,65.71,0.0,1024.04,4.46,64,10.42,12.66,28.49,10.19,False,False,52.33
MET-00218,2024-09-17,Pune,Inland,High,Monsoon,Rainy,Moderate,Excellent,Manual Station,27.27,22.69,94.27,57.09,1013.29,11.83,45,,7.8,100.0,5.99,True,False,57.64
MET-00219,2024-05-17,Nashik,Inland,Medium,Summer,Clear,Moderate,Good,,31.13,23.78,56.78,0.0,1015.93,9.7,99,14.41,12.81,35.89,6.72,False,False,60.41
MET-00220,2025-11-19,Kolhapur,Inland,Medium,Post-Monsoon,Clear,Calm,Good,Manual Station,25.14,17.62,77.76,0.0,1028.11,4.66,50,13.46,11.01,60.83,5.61,False,False,55.67
MET-00221,2025-11-15,Pune,Inland,High,Post-Monsoon,Clear,Moderate,,Airport Station,24.58,17.21,65.7,0.0,1017.91,6.31,177,10.33,9.39,60.23,7.47,False,False,58.11
MET-00222,2024-09-17,Nagpur,,High,Monsoon,Clear,Moderate,Good,Automatic Station,30.85,23.75,79.96,1.15,1013.52,11.15,135,21.31,9.54,52.34,,False,False,59.84
MET-00223,2025-12-14,Aurangabad,Inland,Medium,Winter,Clear,Moderate,Excellent,Manual Station,,14.04,64.76,0.0,1018.33,7.67,157,6.88,10.94,39.84,8.63,False,False,48.69
MET-00224,2024-10-18,Pune,,High,Post-Monsoon,Humid,Moderate,Excellent,,30.71,18.37,88.15,0.0,1007.59,10.42,205,15.99,11.33,41.62,7.9,False,False,55.9
MET-00225,2024-11-15,Nashik,Inland,Medium,Post-Monsoon,Clear,Moderate,Fair,Automatic Station,24.88,,76.98,0.0,1012.1,6.87,307,10.87,11.95,36.11,5.82,False,False,59.91
MET-00226,2025-04-10,Pune,Inland,High,Summer,Clear,Moderate,Excellent,Automatic Station,32.82,24.13,47.16,0.0,1020.66,8.28,191,14.14,14.45,21.52,10.62,False,False,61.45
MET-00227,2025-04-08,,Inland,Medium,Summer,,Moderate,Good,,31.15,22.95,59.79,0.0,1009.38,6.07,275,14.78,12.25,40.13,10.21,False,False,58.17
MET-00228,2024-08-31,Nagpur,Inland,High,Monsoon,Clear,Moderate,Excellent,Airport Station,33.35,25.8,74.06,4.43,1011.9,11.42,55,21.56,12.46,45.29,7.61,False,False,64.59
MET-00229,2024-01-10,,Inland,Medium,Winter,Clear,Moderate,Good,Automatic Station,24.79,17.58,58.28,0.32,1021.84,6.8,4,9.57,11.91,38.92,6.01,False,False,48.99
MET-00230,2024-10-30,Pune,Inland,High,,Clear,Moderate,Excellent,Manual Station,27.73,20.34,74.52,2.27,1018.42,6.05,15,15.36,9.64,28.63,8.34,False,False,53.43
MET-00231,2025-01-09,Solapur,Inland,Medium,Winter,Clear,Moderate,Good,Automatic Station,27.78,17.03,52.66,0.0,1009.18,9.73,33,8.17,9.92,29.84,11.45,False,False,42.76
MET-00232,2024-03-09,Aurangabad,Inland,Medium,Summer,Clear,Calm,Excellent,Airport Station,31.23,20.27,51.89,0.0,1004.82,4.5,189,12.08,15.66,36.17,9.51,False,False,59.9
MET-00233,2024-09-25,Aurangabad,Inland,,Monsoon,Clear,Moderate,Good,Automatic Station,26.25,18.22,74.67,31.22,1024.09,8.07,223,13.67,12.63,51.07,8.15,False,False,50.24
MET-00234,2025-06-28,Kolhapur,Inland,Medium,Monsoon,Humid,Moderate,Good,Automatic Station,36.17,25.04,86.23,4.7,1017.57,6.16,358,22.94,14.87,,,False,False,53.31
MET-00235,2024-04-29,Nashik,Inland,Medium,Summer,Clear,Calm,Excellent,Manual Station,32.88,22.66,58.94,0.0,1013.58,3.47,347,14.77,16.49,47.34,10.93,False,False,65.68
MET-00236,2024-05-15,Nagpur,Inland,High,Summer,Clear,Moderate,Fair,Manual Station,36.39,,52.72,0.0,1002.59,8.72,355,18.53,13.64,32.05,8.97,False,False,62.44
MET-00237,2025-07-28,Solapur,Inland,,Monsoon,Humid,Moderate,Excellent,Automatic Station,34.99,26.53,82.84,3.25,1008.1,5.83,8,24.04,12.81,58.77,7.59,False,False,74.5
MET-00238,2025-01-16,Solapur,Inland,Medium,Winter,Clear,Calm,Fair,Manual Station,24.25,20.21,63.91,0.0,1013.25,3.23,49,12.8,7.96,69.09,4.57,False,False,62.23
MET-00239,2024-06-23,Aurangabad,Inland,,Monsoon,Clear,Moderate,Fair,Automatic Station,36.75,26.86,55.48,15.96,1006.96,,153,18.57,10.87,52.98,4.42,False,False,76.32
MET-00240,2024-02-07,Solapur,Inland,Medium,Winter,Clear,Moderate,Excellent,Automatic Station,25.91,,64.55,0.0,1017.31,9.78,352,8.79,12.11,42.06,10.12,False,False,46.08
MET-00241,2025-05-21,Nagpur,Inland,High,Summer,Clear,Moderate,Excellent,Automatic Station,36.57,28.03,57.23,0.0,1002.96,7.54,87,20.67,12.71,32.64,6.53,False,False,77.32
MET-00242,2025-01-27,Solapur,Inland,Medium,Winter,Clear,Moderate,Fair,Automatic Station,25.9,16.58,55.39,0.0,,5.92,339,8.29,15.47,16.93,8.45,False,False,54.06
MET-00243,2024-05-16,Nagpur,Inland,High,Summer,Clear,Moderate,Good,,35.13,27.97,68.12,0.0,,5.26,226,23.29,9.68,55.08,7.01,False,False,61.38
MET-00244,2025-07-21,Aurangabad,Inland,Medium,Monsoon,Clear,Moderate,Good,,39.01,26.52,76.12,8.48,1003.66,11.45,142,21.15,10.87,29.0,8.08,False,False,68.79
MET-00245,2025-04-19,Kolhapur,Inland,Medium,Summer,Clear,Moderate,Excellent,Automatic Station,31.42,25.17,72.81,0.0,1013.18,,317,20.36,12.49,50.63,9.77,False,False,55.64
MET-00246,2025-10-14,Mumbai,Coastal,High,Post-Monsoon,Clear,Moderate,Good,Manual Station,32.87,22.86,71.51,1.53,1007.63,6.5,178,17.26,13.61,35.94,7.54,False,False,69.71
MET-00247,2024-02-22,Aurangabad,Inland,Medium,Winter,Clear,Moderate,Good,Automatic Station,24.21,17.67,58.01,0.0,1025.78,8.44,239,9.2,10.77,45.42,,False,False,53.88
MET-00248,2025-04-15,Nagpur,Inland,High,Summer,Clear,Moderate,Good,,30.88,22.91,61.46,0.0,1006.18,,156,16.72,11.32,48.85,7.42,False,False,62.43
MET-00249,2024-06-05,Nagpur,Inland,High,Monsoon,Clear,Moderate,Good,Manual Station,36.66,27.87,71.52,8.96,1014.08,8.76,80,23.08,9.26,61.33,6.96,False,False,73.66
MET-00250,2024-08-15,Aurangabad,Inland,Medium,Monsoon,Clear,Moderate,Excellent,Automatic Station,34.55,23.05,69.56,5.42,1010.97,11.91,270,17.97,14.06,50.2,4.95,False,False,64.82
MET-00251,2025-12-15,Nagpur,Inland,High,Winter,Clear,Moderate,Good,Manual Station,24.6,15.74,62.61,0.0,1010.71,9.9,80,9.48,11.37,42.81,7.79,False,False,59.84
MET-00252,2024-10-08,,Inland,Medium,Post-Monsoon,Cloudy,Moderate,Good,Airport Station,25.06,18.95,88.97,0.97,1023.6,8.29,351,17.89,7.47,76.07,,False,False,54.95
MET-00253,2024-08-23,Pune,Inland,High,Monsoon,Clear,Moderate,Poor,,31.41,,65.36,3.75,1011.0,11.27,335,17.41,9.98,51.28,8.52,False,False,64.13
MET-00254,2025-12-18,Pune,Inland,High,Winter,Clear,Moderate,Excellent,Automatic Station,23.68,16.61,59.6,0.0,1017.35,10.1,275,10.48,13.47,25.37,6.98,False,False,64.76
MET-00255,2025-11-25,,Inland,High,Post-Monsoon,Clear,Moderate,Good,Automatic Station,29.28,18.82,66.61,0.0,,8.9,39,14.37,10.17,52.97,6.14,False,False,64.66
MET-00256,2025-03-15,Ratnagiri,Coastal,Low,Summer,Clear,Strong,Excellent,Automatic Station,36.34,23.15,52.96,0.0,1009.7,13.05,251,15.35,11.58,28.07,8.32,False,False,75.99
MET-00257,2024-01-28,Pune,Inland,High,Winter,Clear,Moderate,Good,Airport Station,26.2,15.66,53.89,0.0,1016.81,7.96,289,8.02,12.72,27.48,7.36,False,False,62.0
MET-00258,2024-09-30,Pune,Inland,High,Monsoon,Clear,Moderate,Good,Automatic Station,,19.99,71.68,15.9,1016.86,9.77,291,14.0,12.04,50.83,10.28,False,False,58.27
MET-00259,2025-01-19,Kolhapur,Inland,Medium,Winter,,Moderate,Good,,24.46,18.68,66.53,0.0,1015.83,9.56,189,12.46,10.75,43.29,8.25,False,False,51.67
MET-00260,2024-05-01,Solapur,Inland,Medium,Summer,Clear,Moderate,Excellent,,29.79,22.62,62.8,0.0,1012.11,7.66,14,16.2,15.95,18.59,9.79,False,False,60.82
MET-00261,2025-03-04,Mumbai,Coastal,High,Summer,Clear,Strong,Fair,Automatic Station,34.35,26.48,74.52,0.0,1006.55,15.27,257,22.29,13.26,44.8,7.05,False,False,74.92
MET-00262,2024-11-17,Mumbai,Coastal,High,Post-Monsoon,Humid,Moderate,Good,Automatic Station,26.81,22.25,82.15,1.06,1010.78,8.53,176,19.25,9.07,64.29,7.39,False,False,49.48
MET-00263,2025-02-13,Solapur,Inland,Medium,Winter,Clear,Moderate,Excellent,Automatic Station,26.12,20.0,,0.0,1014.3,7.77,162,11.12,12.47,20.08,9.6,False,False,48.74
MET-00264,2024-12-24,Pune,Inland,High,Winter,Clear,Moderate,Excellent,Manual Station,24.36,16.57,,0.0,1017.32,6.19,320,10.45,9.22,,10.46,False,False,58.04
MET-00265,2025-12-13,Kolhapur,Inland,Medium,Winter,Clear,Moderate,Excellent,Manual Station,26.93,15.51,57.3,0.0,1010.6,5.96,77,7.09,12.78,28.2,7.46,False,False,48.6
MET-00266,2024-05-09,Aurangabad,Inland,Medium,Summer,Clear,Moderate,Excellent,Manual Station,34.51,24.08,60.72,0.0,1003.82,6.42,193,,10.19,45.08,10.75,False,False,61.98
MET-00267,2024-07-30,Mumbai,Coastal,High,,Clear,Moderate,GOOD,Manual Station,37.89,28.67,75.42,0.0,1006.62,11.72,242,24.36,15.45,48.8,6.29,False,False,76.02
MET-00268,2024-09-03,Nagpur,Inland,High,Monsoon,Rainy,Moderate,Excellent,Automatic Station,32.32,24.11,77.78,45.31,1007.76,10.36,108,19.68,9.52,86.77,3.96,False,False,80.41
MET-00269,2025-10-13,Aurangabad,Inland,Medium,Post-Monsoon,Clear,Strong,Fair,Manual Station,30.11,19.37,64.22,0.09,1020.17,13.19,264,13.24,17.74,21.08,5.93,False,False,55.18
MET-00270,2024-03-29,Kolhapur,Inland,Medium,Summer,Clear,Moderate,Excellent,Manual Station,,20.8,57.19,0.0,1018.48,6.32,234,11.84,11.34,27.05,9.35,False,False,43.05
MET-00271,2025-06-01,Solapur,Inland,Medium,Monsoon,Clear,Moderate,Excellent,Automatic Station,37.59,27.69,54.9,13.57,1009.34,8.92,255,18.28,12.17,62.14,8.14,False,False,71.67
MET-00272,2025-07-17,,Inland,Medium,Monsoon,Clear,Moderate,Fair,Automatic Station,35.39,25.3,74.5,0.0,1015.67,7.03,192,21.52,10.91,59.29,5.51,False,False,65.59
MET-00273,2024-11-19,Mumbai,Coastal,High,Post-Monsoon,Humid,Moderate,Excellent,Automatic Station,30.89,22.82,86.9,3.34,1005.91,,308,21.14,11.96,68.15,9.31,False,False,53.48
MET-00274,2025-05-05,Mumbai,Coastal,High,Summer,Clear,Moderate,Good,Automatic Station,38.74,28.1,78.42,2.34,994.76,10.86,213,24.51,12.1,43.63,7.84,False,False,78.06
MET-00275,2025-05-11,Nagpur,Inland,High,Summer,,Moderate,Good,Automatic Station,36.3,28.98,58.22,0.0,1001.4,7.73,251,22.02,,49.93,7.58,False,False,66.95
MET-00276,2024-06-05,Mumbai,Coastal,,Monsoon,Clear,Moderate,Good,Airport Station,37.45,32.78,71.71,12.83,996.79,8.49,227,27.54,11.59,55.4,7.66,False,False,75.24
MET-00277,2024-11-18,Mumbai,Coastal,High,Post-Monsoon,Humid,Moderate,Good,Manual Station,27.51,20.04,84.79,8.32,1009.39,6.18,62,16.22,8.53,57.43,7.31,False,False,48.84
MET-00278,2024-12-13,Nashik,Inland,Medium,,Clear,Strong,Excellent,Manual Station,22.22,14.84,68.65,0.0,1019.88,12.14,81,8.73,10.37,45.82,9.47,False,False,59.33
MET-00279,2025-06-14,Nashik,Inland,Medium,Monsoon,Cloudy,Strong,Excellent,Automatic Station,33.65,25.97,72.51,44.19,1016.59,15.92,197,21.42,12.59,75.63,4.6,False,False,81.26
MET-00280,2024-03-14,Pune,Inland,High,Summer,Clear,Moderate,,Automatic Station,28.85,21.27,66.94,0.0,1020.63,10.26,283,14.92,12.44,30.75,8.46,False,False,63.52
MET-00281,2024-06-23,Kolhapur,Inland,Medium,Monsoon,Clear,Moderate,Excellent,Automatic Station,34.12,25.58,70.62,34.45,1009.17,11.96,28,19.37,10.79,69.63,5.31,False,False,76.74
MET-00282,2025-03-18,Nashik,Inland,Medium,Summer,Clear,Moderate,Excellent,Automatic Station,28.96,21.51,48.73,0.0,1016.69,10.35,268,12.58,17.74,39.6,8.49,False,False,65.58
MET-00283,2025-07-02,Nashik,Inland,Medium,Monsoon,Clear,Moderate,Good,Automatic Station,32.71,25.99,70.93,34.5,1018.88,,190,20.17,9.63,55.95,8.05,False,False,59.5
MET-00284,2025-08-20,Ratnagiri,COASTAL,Low,Monsoon,Clear,Moderate,Fair,Automatic Station,37.89,26.83,73.94,31.97,998.15,8.15,41,22.24,9.93,69.39,4.53,False,False,71.49
MET-00285,2024-12-11,Kolhapur,Inland,Medium,Winter,Clear,Moderate,Excellent,Airport Station,25.02,14.28,59.73,0.0,1014.55,,284,8.01,,31.09,10.22,False,False,42.48
MET-00286,2025-01-23,Nagpur,Inland,High,Winter,Clear,Moderate,Good,Automatic Station,25.55,19.23,,0.0,1009.88,7.2,173,10.95,13.88,25.53,11.86,False,False,47.68
MET-00287,2025-12-05,Nagpur,Inland,High,Winter,Clear,Moderate,Poor,Manual Station,,16.84,58.19,5.93,1005.87,9.68,322,10.76,14.29,36.05,6.63,False,False,68.44
MET-00288,2024-03-14,Solapur,Inland,Medium,Summer,Clear,Moderate,Fair,,28.35,20.74,47.42,0.0,1012.34,9.03,169,10.36,15.21,24.13,8.61,False,False,61.04
MET-00289,2024-04-14,Nagpur,Inland,High,Summer,Clear,Moderate,Excellent,Manual Station,32.06,26.87,45.02,0.0,998.72,10.98,206,17.77,9.54,26.79,11.23,False,False,60.62
MET-00290,2025-10-08,Nagpur,Inland,High,Post-Monsoon,Clear,Moderate,,Manual Station,30.38,24.22,75.84,0.0,1009.32,,195,,13.67,45.2,5.26,False,False,63.59
MET-00291,2024-07-23,Nashik,Inland,Medium,Monsoon,,Moderate,Poor,Automatic Station,32.54,26.54,67.89,43.98,1018.16,11.91,8,20.24,11.15,61.67,5.88,False,False,68.44
MET-00292,2024-11-28,Pune,Inland,High,Post-Monsoon,Clear,Calm,Poor,Manual Station,24.32,17.27,76.27,0.0,,4.59,216,13.64,10.14,50.74,7.24,False,False,57.64
MET-00293,2024-12-31,Nagpur,Inland,High,Winter,,Moderate,Good,Automatic Station,24.66,16.94,64.64,0.0,1011.69,7.09,71,,12.61,46.09,5.55,False,False,56.64
MET-00294,2024-04-21,Nashik,Inland,Medium,Summer,Clear,Calm,Excellent,Manual Station,32.72,23.87,70.03,0.0,1002.71,4.32,290,18.4,13.17,54.0,9.26,False,False,57.05
MET-00295,2024-11-17,Nagpur,Inland,High,Post-Monsoon,,Calm,Good,Manual Station,26.38,16.04,,,1013.33,4.34,8,12.71,,41.46,4.61,False,False,51.62
MET-00296,2024-01-15,Mumbai,Coastal,High,Winter,Clear,Moderate,Good,Automatic Station,,21.53,57.87,0.0,1002.94,10.47,0,13.99,13.97,21.61,7.85,False,False,64.69
MET-00297,2025-03-09,Nagpur,,High,Summer,Clear,Moderate,Fair,Automatic Station,30.1,21.46,41.44,0.0,1014.27,,73,,11.99,38.92,9.83,False,False,56.97
MET-00298,2024-03-08,Ratnagiri,Coastal,Low,Summer,Clear,Moderate,Excellent,Automatic Station,34.28,22.06,63.28,,999.19,8.53,325,13.58,14.13,24.28,8.48,False,False,63.82
MET-00299,2025-05-03,Kolhapur,Inland,Medium,Summer,Clear,Moderate,Excellent,Airport Station,36.42,24.83,52.12,0.0,1005.6,5.62,134,15.89,12.85,27.53,6.74,False,False,66.14
MET-00300,2024-03-31,Nashik,Inland,Medium,Summer,Clear,Moderate,Fair,Manual Station,32.08,23.63,51.0,0.0,1009.44,8.35,93,14.42,13.85,36.73,,False,False,57.7
MET-00301,2025-01-20,Kolhapur,Inland,Medium,Winter,Clear,Moderate,Excellent,Automatic Station,25.64,14.96,60.61,0.0,1022.64,6.36,53,7.81,15.01,,11.31,False,False,45.11
MET-00302,2025-03-15,,Inland,Medium,Summer,Clear,Moderate,Fair,Automatic Station,29.89,21.46,53.29,0.0,1011.98,7.42,226,11.49,12.62,29.78,7.58,False,False,57.39
MET-00303,2025-02-25,Kolhapur,Inland,Medium,Winter,Clear,Moderate,Good,Manual Station,23.58,18.97,55.08,0.0,1016.82,10.98,169,10.28,9.25,47.39,6.53,False,False,61.41
MET-00304,2025-05-03,Kolhapur,Inland,Medium,Summer,Clear,Moderate,Good,Manual Station,29.54,23.61,50.55,,1017.25,7.34,144,14.9,14.31,42.98,9.53,False,False,55.14
MET-00305,2025-04-07,Mumbai,Coastal,High,Summer,Clear,Moderate,Good,Automatic Station,,28.32,67.91,0.0,1001.47,7.53,196,23.61,8.57,50.54,7.44,False,False,75.55
MET-00306,2024-05-10,Nagpur,Inland,High,,Clear,Moderate,Good,Automatic Station,34.15,25.87,,0.0,1003.85,9.11,315,19.29,14.55,48.07,9.24,False,False,72.75
MET-00307,2024-03-24,Nashik,Inland,Medium,Summer,Clear,Moderate,Good,Automatic Station,28.69,23.05,50.7,0.0,1014.44,9.04,81,13.81,13.42,,8.18,False,False,50.03
MET-00308,2024-07-29,Ratnagiri,Coastal,Low,Monsoon,Rainy,Strong,Fair,Automatic Station,36.01,30.57,84.13,79.82,1000.09,12.73,164,27.64,6.09,100.0,4.57,False,False,78.17
MET-00309,2024-03-25,Mumbai,Coastal,High,Summer,Clear,Moderate,Fair,Automatic Station,36.4,26.84,57.95,0.0,998.0,10.2,335,18.14,16.32,26.45,10.67,False,False,68.17
MET-00310,2025-07-08,Mumbai,Coastal,High,Monsoon,Cloudy,Moderate,Good,Manual Station,38.46,32.67,96.47,21.38,999.75,11.71,291,32.0,11.0,73.97,,False,False,82.16
MET-00311,2025-04-29,Solapur,Inland,Medium,Summer,Clear,Moderate,,Automatic Station,34.72,26.44,59.03,0.0,1004.65,6.07,268,18.06,10.85,45.56,10.9,False,False,
MET-00312,2025-04-24,Mumbai,Coastal,High,Summer,Clear,Moderate,Excellent,Manual Station,38.27,,64.72,0.0,999.74,9.13,146,24.26,10.54,46.66,7.51,False,False,58.96
MET-00313,2025-02-15,Mumbai,Coastal,High,Winter,Clear,Moderate,,Airport Station,30.35,22.94,62.67,0.0,1004.91,10.26,118,16.16,7.86,55.93,9.46,False,False,66.74
MET-00314,2024-11-10,Kolhapur,Inland,Medium,Post-Monsoon,Clear,Moderate,Good,Manual Station,24.69,15.64,78.94,5.35,1019.5,5.97,159,11.77,9.58,48.32,8.53,False,False,40.1
MET-00315,2024-06-28,Kolhapur,Inland,,Monsoon,Clear,Strong,Good,Manual Station,36.51,25.92,81.16,16.74,1008.4,12.88,300,22.2,10.37,53.42,6.58,False,False,72.98
MET-00316,2025-09-14,,Inland,High,Monsoon,Humid,Moderate,Excellent,Manual Station,28.46,22.13,85.64,8.91,1009.48,11.53,139,19.71,10.42,63.34,7.71,False,False,70.61
MET-00317,2024-10-28,Nashik,Inland,Medium,Post-Monsoon,Humid,Moderate,Fair,Automatic Station,27.38,15.66,83.23,1.15,1012.37,5.18,130,,10.67,41.55,7.29,False,False,49.84
MET-00318,2024-07-31,Nagpur,Inland,High,Monsoon,Clear,Moderate,Fair,Automatic Station,35.0,25.57,75.74,0.0,1010.19,8.23,89,20.83,10.56,41.7,9.58,False,False,65.68
MET-00319,2025-01-28,,Inland,,Winter,Clear,Calm,Fair,Automatic Station,26.42,18.65,43.7,0.0,1019.11,4.58,113,8.5,,24.78,8.19,False,False,52.09
MET-00320,2024-03-09,Mumbai,Coastal,,Summer,Clear,Moderate,Good,,33.12,26.19,55.58,2.0,1014.5,,312,18.47,9.99,56.16,6.73,False,False,84.27
MET-00321,2024-09-25,Mumbai,Coastal,High,Monsoon,Clear,Moderate,Fair,Automatic Station,35.15,26.73,76.28,9.27,1003.03,11.0,178,22.39,9.79,51.87,9.85,False,False,56.92
MET-00322,2024-12-16,Nagpur,Inland,High,Winter,Clear,Calm,Poor,Automatic Station,25.94,16.23,48.7,0.0,1018.4,4.55,329,6.38,12.43,38.93,9.16,False,False,56.47
MET-00323,2024-06-30,Nagpur,Inland,High,Monsoon,Clear,Moderate,Good,Automatic Station,35.95,31.01,77.12,9.75,1003.15,7.97,256,27.02,9.9,44.18,6.64,False,False,72.6
MET-00324,2024-01-01,Solapur,Inland,Medium,Winter,Clear,Moderate,Good,Airport Station,24.03,16.99,70.42,0.0,1021.19,5.67,271,10.03,11.32,43.65,6.22,False,False,47.9
MET-00325,2025-07-11,Nagpur,Inland,High,Monsoon,Clear,Moderate,Excellent,Automatic Station,31.88,28.96,78.79,3.4,1005.49,8.22,142,22.84,8.45,66.07,4.02,False,False,68.21
MET-00326,2025-03-10,Mumbai,Coastal,,Summer,,Moderate,Good,Automatic Station,31.52,24.64,,0.0,999.46,,101,16.11,13.83,23.25,10.42,False,False,67.82
MET-00327,2025-12-11,Kolhapur,Inland,Medium,Winter,Clear,Moderate,Excellent,Automatic Station,21.84,16.68,74.62,0.0,1024.34,5.67,268,12.04,9.91,54.61,7.66,False,False,51.62
MET-00328,2025-04-08,,Coastal,High,Summer,Clear,Moderate,Good,Manual Station,36.72,24.54,56.73,0.0,996.33,6.12,64,18.04,15.64,38.91,9.21,False,False,69.33
MET-00329,2024-08-14,Solapur,Inland,Medium,Monsoon,Cloudy,Moderate,Excellent,Automatic Station,33.95,24.43,,43.87,1014.56,8.66,93,23.67,9.31,76.1,3.97,False,True,71.3
MET-00330,2024-09-04,Kolhapur,Inland,,Monsoon,Clear,Moderate,Poor,Airport Station,29.58,19.26,,308.92,1013.06,11.01,61,14.8,10.43,49.8,6.54,False,False,53.34
MET-00331,2025-12-13,Solapur,Inland,Medium,Winter,Clear,Moderate,Good,Airport Station,25.89,14.24,72.45,0.0,1023.87,8.34,206,9.63,13.4,49.6,8.41,False,False,47.07
MET-00332,2024-01-07,Nagpur,Inland,High,Winter,Clear,Calm,Good,Airport Station,25.93,20.75,70.38,0.0,1020.23,,69,15.18,13.24,42.9,9.55,False,False,55.33
MET-00333,2024-07-08,Nashik,Inland,Medium,Monsoon,Clear,Moderate,Fair,Automatic Station,33.74,27.48,71.38,0.0,1012.91,11.82,51,21.72,12.5,37.01,6.58,False,False,62.12
MET-00334,2024-07-13,Solapur,Inland,Medium,Monsoon,Humid,Moderate,Fair,Automatic Station,31.34,27.29,83.39,0.0,1010.33,8.94,321,24.1,13.38,33.7,,False,False,58.21
MET-00335,2025-08-05,Pune,Inland,High,Monsoon,Cloudy,Moderate,Excellent,Airport Station,31.58,26.66,83.93,26.86,1015.43,9.09,245,24.32,8.92,74.89,,False,False,59.1
MET-00336,2025-09-25,Aurangabad,Inland,Medium,,Clear,Moderate,Good,Manual Station,30.14,20.48,72.69,25.49,1017.44,11.34,166,14.53,10.65,60.36,6.47,False,False,66.27
MET-00337,2024-09-23,Kolhapur,Inland,Medium,Monsoon,Clear,Moderate,Excellent,Airport Station,29.92,20.75,73.94,,1012.39,9.17,223,16.09,12.53,50.56,8.33,False,False,53.45
MET-00338,2025-04-24,Solapur,Inland,Medium,Summer,Clear,Moderate,Fair,Automatic Station,33.97,24.67,62.48,0.0,1005.21,7.2,61,17.53,12.14,31.99,10.55,False,False,61.51
MET-00339,2025-11-23,Nashik,Inland,Medium,Post-Monsoon,Clear,Moderate,Excellent,Automatic Station,27.36,,74.34,0.0,1017.75,,34,11.17,9.28,68.54,6.56,False,False,61.05
MET-00340,2024-06-12,Nagpur,Inland,High,Monsoon,Clear,Moderate,Good,Automatic Station,35.54,30.04,66.66,21.91,1007.42,9.46,207,24.33,10.76,51.58,7.67,False,False,70.98
MET-00341,2025-03-17,Ratnagiri,Coastal,Low,Summer,Clear,Moderate,Fair,Automatic Station,31.14,25.94,57.47,1.38,1007.19,9.9,81,17.57,13.91,,6.35,False,False,53.29
MET-00342,2025-03-29,Nashik,,Medium,Summer,Clear,Moderate,Good,Automatic Station,30.83,22.4,60.95,0.0,1015.61,9.88,251,14.66,16.63,27.51,7.83,False,False,71.71
MET-00343,2025-12-14,Kolhapur,,Medium,Winter,Clear,Moderate,good,Automatic Station,23.23,17.79,72.96,0.0,1019.1,8.76,319,13.83,11.65,26.0,6.62,False,False,49.66
MET-00344,2025-01-18,Aurangabad,Inland,Medium,Winter,Clear,Strong,Excellent,Automatic Station,24.43,16.92,56.68,0.0,1026.99,12.88,207,10.12,14.58,,7.57,False,False,60.44
MET-00345,2024-08-30,Pune,Inland,High,Monsoon,,Moderate,Good,Manual Station,34.27,23.39,75.05,0.0,1011.9,9.38,348,20.17,11.54,49.65,6.13,False,False,63.48
MET-00346,2025-04-21,Nagpur,Inland,High,Summer,Clear,Moderate,Poor,Automatic Station,37.75,27.15,57.25,0.55,1002.99,,310,17.74,12.03,29.38,13.53,False,False,57.85
MET-00347,2025-04-19,Nagpur,Inland,High,Summer,Clear,Moderate,Fair,Automatic Station,32.84,27.04,56.5,0.0,1009.25,7.3,326,18.86,15.05,37.61,6.69,False,False,72.31
MET-00348,2025-09-18,Kolhapur,Inland,Medium,Monsoon,Humid,Strong,Good,Airport Station,31.14,21.31,82.17,11.22,1012.3,12.88,359,17.93,9.8,54.18,,False,False,69.76
MET-00349,2025-09-15,Kolhapur,Inland,Medium,Monsoon,Clear,Moderate,Good,Manual Station,28.82,23.21,79.69,0.21,1017.03,9.58,219,19.3,10.21,68.41,7.99,False,False,63.74
MET-00350,2024-01-19,Nashik,Inland,Medium,Winter,Clear,Moderate,Fair,Manual Station,23.4,13.63,69.75,0.0,1019.41,6.3,16,7.99,9.76,34.84,9.65,False,False,39.65
MET-00351,2025-03-31,Aurangabad,Inland,Medium,Summer,Clear,Moderate,Good,Automatic Station,29.99,19.76,54.33,0.0,1016.98,5.79,296,12.63,10.04,54.26,10.44,False,False,57.66
MET-00352,2025-10-18,Solapur,,Medium,Post-Monsoon,Humid,Moderate,Excellent,Manual Station,29.46,18.29,86.67,0.0,1008.27,9.95,118,14.55,10.03,48.17,4.43,False,False,58.41
MET-00353,2025-05-23,Pune,Inland,High,Summer,Clear,Moderate,Good,Automatic Station,35.52,28.81,62.53,6.21,1012.39,5.68,268,21.67,8.6,27.51,6.71,False,False,61.14
MET-00354,2025-11-06,Mumbai,Coastal,High,Post-Monsoon,,Moderate,Good,Automatic Station,29.66,22.53,92.31,0.0,1013.87,10.38,139,21.91,8.82,57.5,5.49,False,False,
MET-00355,2025-01-27,Nashik,Inland,Medium,Winter,Clear,Moderate,Excellent,Manual Station,24.57,16.73,63.61,239.68,1014.15,7.74,185,10.12,13.82,40.1,,False,False,57.18
MET-00356,2025-08-06,Solapur,Inland,Medium,Monsoon,Clear,Moderate,Good,Automatic Station,32.51,21.78,78.82,5.33,1012.22,11.01,295,16.07,11.73,34.54,8.1,False,False,50.07
MET-00357,2024-05-07,Kolhapur,Inland,Medium,Summer,Clear,Moderate,Fair,Automatic Station,36.15,22.86,57.85,0.0,1006.24,6.07,56,15.66,10.26,43.76,,False,False,67.16
MET-00358,2024-07-20,Solapur,Inland,Medium,Monsoon,Clear,Moderate,Good,Manual Station,38.33,30.03,76.39,35.96,1003.67,7.44,115,26.05,11.76,59.89,7.42,False,False,67.8
MET-00359,2025-04-05,Nagpur,Inland,High,Summer,Clear,Moderate,Good,Automatic Station,34.39,23.85,56.4,,1003.98,8.64,241,15.26,15.47,21.07,8.02,False,False,66.14
MET-00360,2024-12-06,Aurangabad,Inland,Medium,Winter,Clear,Moderate,Excellent,Manual Station,,14.48,77.09,,1017.43,8.62,276,8.88,8.8,46.13,8.83,False,False,50.71
MET-00361,2025-07-26,Mumbai,Coastal,High,Monsoon,Clear,Strong,Good,Automatic Station,34.02,31.26,68.39,0.0,1001.26,13.55,353,25.68,13.24,40.4,9.87,False,False,68.61
MET-00362,2024-10-22,Solapur,Inland,Medium,Post-Monsoon,Clear,Moderate,Excellent,Manual Station,26.29,17.46,66.91,0.0,1016.29,9.6,23,12.21,11.14,41.01,10.46,False,False,52.53
MET-00363,2024-06-12,Pune,Inland,High,Monsoon,Clear,Moderate,Poor,Automatic Station,34.48,28.04,63.65,34.95,1010.09,7.72,295,22.4,7.77,64.63,6.12,False,False,64.57
MET-00364,2025-05-13,Aurangabad,Inland,,Summer,Clear,Moderate,Good,Manual Station,39.95,27.72,59.42,0.0,,6.28,37,20.34,,19.25,8.1,False,False,
MET-00365,2025-11-08,Pune,Inland,High,Post-Monsoon,Clear,Moderate,Excellent,Automatic Station,21.28,19.02,72.96,0.0,1024.75,5.72,354,14.0,9.7,53.93,9.38,False,False,47.83
MET-00366,2025-08-20,Nashik,Inland,Medium,Monsoon,Cloudy,Strong,Good,Automatic Station,34.82,23.42,87.48,17.07,1006.78,12.65,204,21.61,9.34,82.76,7.98,False,False,65.69
MET-00367,2025-12-28,,Coastal,High,Winter,Clear,Moderate,Excellent,Automatic Station,27.59,21.95,73.19,,1010.75,,38,17.08,,62.41,7.83,False,False,58.06
MET-00368,2025-12-03,Nagpur,Inland,High,Winter,Clear,Moderate,Excellent,Automatic Station,29.69,19.7,58.57,0.0,1012.19,10.82,303,12.35,10.29,39.44,4.76,False,False,69.79
MET-00369,2024-05-12,Kolhapur,Inland,Medium,Summer,Clear,Moderate,Good,Manual Station,31.96,26.47,43.83,0.0,1013.72,9.02,199,17.82,16.9,25.29,9.89,False,False,66.98
MET-00370,2025-06-04,Pune,Inland,High,Monsoon,Clear,Strong,Good,Automatic Station,37.9,27.49,57.99,31.52,1009.68,12.82,97,20.82,14.57,43.16,7.11,False,False,74.1
MET-00371,2024-07-20,Nagpur,Inland,High,Monsoon,Clear,Moderate,Excellent,Automatic Station,31.61,26.22,,0.0,1007.92,7.88,352,19.58,15.07,48.4,6.47,False,False,
MET-00372,2025-06-03,Pune,Inland,High,Monsoon,Clear,Moderate,Good,Automatic Station,34.81,27.52,53.61,19.51,1001.75,10.8,271,16.86,12.79,41.8,6.57,False,False,65.25
MET-00373,2024-01-12,Aurangabad,Inland,Medium,Winter,Clear,Moderate,Excellent,Airport Station,26.68,14.68,54.08,,1020.56,7.54,76,5.94,16.03,47.94,7.76,False,False,58.17
MET-00374,2024-03-08,Nashik,,Medium,Summer,Clear,Moderate,Excellent,,29.59,18.78,30.0,0.0,1013.95,7.96,73,6.31,13.77,,10.43,False,False,55.59
MET-00375,2024-12-17,,Inland,Medium,Winter,Clear,Moderate,Excellent,Automatic Station,25.34,15.56,51.63,0.0,1015.95,9.88,77,6.78,13.8,35.04,6.82,False,False,55.58
MET-00376,2025-08-03,Kolhapur,Inland,Medium,,,Strong,Excellent,Airport Station,31.78,24.56,74.5,21.51,1006.5,12.3,155,20.23,9.32,82.37,,False,False,73.28
MET-00377,2024-11-06,Mumbai,Coastal,High,Post-Monsoon,,Moderate,Fair,Automatic Station,30.23,23.75,85.76,6.7,1001.56,10.98,153,20.22,13.67,37.42,8.4,False,False,63.19
MET-00378,2025-05-17,Kolhapur,Inland,Medium,Summer,Clear,Moderate,Good,Automatic Station,34.44,25.91,55.29,0.0,1019.89,9.08,183,17.06,12.74,56.31,8.39,False,False,71.6
MET-00379,2025-11-29,Aurangabad,Inland,Medium,Post-Monsoon,Clear,Calm,Good,Automatic Station,20.07,16.38,68.66,0.0,1027.22,3.26,35,11.61,8.37,38.95,11.24,False,False,41.22
MET-00380,2024-08-02,Solapur,Inland,Medium,Monsoon,Humid,Moderate,Good,Automatic Station,32.34,25.98,82.51,7.91,1013.95,6.99,108,23.62,9.22,57.65,7.62,False,False,
MET-00381,2024-03-07,Nashik,Inland,Medium,Summer,Clear,Moderate,Good,Airport Station,27.61,20.16,66.75,0.0,1020.29,5.07,345,15.24,12.97,35.95,4.93,False,False,54.97
MET-00382,2024-03-08,Pune,Inland,High,Summer,Clear,Moderate,Fair,Automatic Station,24.83,18.63,61.02,0.0,1019.56,5.32,38,12.24,14.7,,9.08,False,False,53.92
MET-00383,2024-07-02,Pune,Inland,High,Monsoon,Clear,Strong,Good,Automatic Station,36.28,27.91,53.58,0.0,998.21,15.86,235,19.7,14.2,26.93,6.4,False,False,78.45
MET-00384,2024-05-11,Kolhapur,Inland,Medium,Summer,Clear,Moderate,Excellent,Manual Station,29.6,24.98,72.74,0.0,1011.57,10.13,7,19.39,12.18,38.03,8.07,False,False,56.9
MET-00385,2024-04-15,Mumbai,Coastal,High,Summer,Clear,Moderate,Excellent,Automatic Station,35.22,28.52,54.54,,998.07,11.39,163,21.21,11.89,10.69,9.39,False,False,68.8
MET-00386,2025-07-05,Ratnagiri,Coastal,Low,,cloudy,Strong,Excellent,Automatic Station,41.58,28.57,70.43,43.7,992.37,12.84,166,23.0,10.86,76.47,,False,False,68.08
MET-00387,2025-10-08,Mumbai,Coastal,High,Post-Monsoon,Clear,Moderate,Good,Manual Station,35.17,26.43,81.81,0.0,995.95,8.76,339,22.28,11.27,64.14,3.76,False,False,68.63
MET-00388,2024-06-23,Pune,Inland,High,Monsoon,Clear,Moderate,Excellent,Airport Station,33.3,28.33,76.95,8.88,1006.22,10.03,174,23.78,8.63,40.88,6.91,False,False,63.48
MET-00389,2024-01-10,Solapur,Inland,Medium,Winter,Clear,Calm,Excellent,Automatic Station,23.9,17.56,61.98,0.0,1014.66,3.46,124,10.46,12.36,55.08,8.69,False,False,51.5
MET-00390,2024-06-13,Nagpur,Inland,High,Monsoon,Clear,Moderate,Good,Automatic Station,34.31,,63.65,0.0,1005.49,10.83,35,22.06,16.45,39.79,8.36,False,False,75.39
MET-00391,2024-01-29,Pune,Inland,High,Winter,Clear,Moderate,Good,Manual Station,23.87,15.03,54.42,0.0,1022.79,9.73,0,7.08,13.48,41.24,8.05,False,False,62.85
MET-00392,2024-11-04,Nashik,Inland,Medium,Post-Monsoon,Humid,Moderate,Good,,25.22,17.74,84.49,0.5,1014.14,5.95,119,15.38,10.93,53.93,1.67,False,False,55.75
MET-00393,2024-03-01,Solapur,Inland,Medium,Summer,Clear,Moderate,Good,Automatic Station,28.49,23.64,56.37,0.0,1015.19,5.73,146,15.83,11.94,43.52,9.79,False,False,55.71
MET-00394,2024-12-22,Kolhapur,Inland,Medium,,Clear,Moderate,,Automatic Station,23.98,15.17,67.55,0.0,1017.04,8.34,155,10.48,7.82,57.27,9.58,False,False,46.91
MET-00395,2024-10-11,Pune,Inland,High,Post-Monsoon,Clear,Moderate,GOOD,Automatic Station,27.71,21.43,,0.13,1021.92,6.61,134,17.15,9.54,48.24,4.79,False,False,62.46
MET-00396,2025-02-19,Ratnagiri,Coastal,Low,Winter,Clear,Moderate,Good,Automatic Station,35.18,20.12,47.64,0.0,994.98,7.23,188,10.68,17.79,11.03,,False,False,46.1
MET-00397,2025-09-05,Solapur,Inland,Medium,Monsoon,Clear,Calm,Excellent,Manual Station,33.2,21.6,73.48,0.0,1015.61,4.23,59,,8.68,55.27,8.74,False,False,56.7
MET-00398,2025-09-22,Nagpur,Inland,High,Monsoon,Clear,Moderate,Excellent,Manual Station,29.48,23.9,78.34,25.15,1014.46,10.7,208,18.96,7.55,67.29,7.24,False,False,64.13
MET-00399,2025-11-25,Mumbai,Coastal,High,Post-Monsoon,Humid,Moderate,Good,Automatic Station,28.32,19.44,87.14,0.01,1005.69,9.91,206,17.47,8.73,56.53,9.97,False,False,58.78
MET-00400,2025-04-01,Kolhapur,Inland,Medium,Summer,Clear,Moderate,Excellent,Automatic Station,29.73,24.93,67.16,0.0,1017.23,8.29,186,18.92,10.66,47.09,6.18,False,False,58.46
MET-00401,2024-06-08,Mumbai,,High,Monsoon,Clear,Moderate,Good,Manual Station,38.26,30.79,76.86,5.33,989.47,9.38,292,26.54,,57.96,10.9,False,False,58.49
MET-00402,2025-06-02,Kolhapur,Inland,Medium,Monsoon,,Moderate,Fair,Automatic Station,36.49,24.71,55.87,25.88,1002.55,10.9,152,,16.05,22.47,10.19,False,False,61.66
MET-00403,2025-10-19,Mumbai,Coastal,High,Post-Monsoon,Clear,Moderate,Good,,32.86,23.52,79.31,6.83,999.44,10.69,50,18.16,14.61,62.91,3.81,False,False,78.25
MET-00404,2025-10-13,Mumbai,Coastal,High,Post-Monsoon,Clear,Moderate,Fair,Automatic Station,31.89,25.33,81.33,0.93,997.15,9.59,323,22.96,12.64,51.85,6.74,False,False,61.43
MET-00405,2025-03-10,Aurangabad,Inland,Medium,Summer,,Moderate,Good,Automatic Station,29.57,19.7,54.47,0.0,1013.68,9.33,292,11.17,10.6,28.41,6.86,False,False,68.3
MET-00406,2024-01-15,Solapur,Inland,Medium,Winter,Clear,Moderate,Excellent,Manual Station,24.98,16.99,,0.0,1014.63,6.2,10,9.56,11.97,44.67,11.22,False,False,58.77
MET-00407,2025-01-15,Ratnagiri,Coastal,Low,Winter,Clear,Moderate,Excellent,Automatic Station,25.28,19.09,67.44,0.0,1009.63,8.16,146,11.46,12.92,25.83,9.75,False,False,38.91
MET-00408,2024-12-27,Nashik,Inland,Medium,Winter,Clear,Calm,Excellent,Manual Station,19.01,16.19,72.67,0.0,1021.22,,28,11.51,11.35,50.41,11.01,False,False,37.2
MET-00409,2025-08-03,Pune,Inland,High,Monsoon,Clear,Moderate,good,Manual Station,33.8,24.5,74.09,5.89,1018.02,8.86,155,18.82,12.64,19.22,9.08,False,False,60.58
MET-00410,2025-07-22,Nashik,Inland,Medium,Monsoon,Clear,Calm,Excellent,Airport Station,34.58,24.68,70.11,8.01,1016.86,4.89,228,19.82,9.21,47.46,5.88,False,False,58.24
MET-00411,2025-03-20,,Inland,Medium,Summer,Clear,Moderate,Good,Automatic Station,29.19,21.51,46.95,0.0,1021.15,11.17,2,11.07,14.65,20.33,9.61,False,False,55.23
MET-00412,2025-08-01,Solapur,Inland,Medium,Monsoon,Clear,Moderate,Excellent,Automatic Station,34.98,,72.81,0.0,1006.56,10.38,262,21.62,11.0,48.52,8.33,False,False,63.65
MET-00413,2024-07-30,Nagpur,Inland,High,Monsoon,Clear,Moderate,Good,Manual Station,34.95,27.95,65.27,6.66,1006.87,8.68,71,21.58,12.96,38.11,7.83,False,False,
MET-00414,2025-04-13,Nagpur,Inland,High,Summer,Clear,Moderate,Good,Automatic Station,34.51,26.43,48.93,0.0,1008.43,11.94,218,17.49,10.71,35.6,6.39,False,False,68.54
MET-00415,2025-10-09,Mumbai,Coastal,High,Post-Monsoon,Clear,Calm,Good,Automatic Station,31.09,23.8,78.61,3.52,1006.38,3.97,137,19.09,10.75,52.12,6.81,False,False,54.64
MET-00416,2025-11-28,Kolhapur,Inland,Medium,Post-Monsoon,Clear,Calm,Excellent,Manual Station,25.03,16.24,74.8,0.0,1013.49,4.97,148,11.18,8.21,55.3,9.15,False,False,52.55
MET-00417,2025-03-03,Ratnagiri,Coastal,Low,Summer,Clear,Moderate,Fair,,36.41,24.46,54.17,0.0,1001.54,8.87,202,15.25,13.61,22.79,7.5,False,False,58.99
MET-00418,2024-08-07,Nagpur,Inland,High,Monsoon,,Moderate,Poor,Automatic Station,31.64,27.55,76.9,0.0,1007.47,9.26,24,23.08,12.01,62.51,5.63,False,False,70.23
MET-00419,2025-03-18,Kolhapur,Inland,,Summer,Clear,Moderate,Good,Airport Station,29.84,22.51,49.79,0.0,1018.48,9.56,328,13.76,15.71,34.2,7.49,False,False,67.43
MET-00420,2025-12-22,Nagpur,Inland,High,Winter,Clear,Moderate,Poor,Manual Station,21.69,,70.48,0.0,1017.26,9.64,141,12.1,11.1,47.14,6.17,False,False,48.45
MET-00421,2024-10-15,Aurangabad,Inland,Medium,Post-Monsoon,Clear,Moderate,Poor,Manual Station,29.18,20.08,75.16,0.0,1018.41,8.8,44,16.7,10.34,40.07,7.04,False,False,61.01
MET-00422,2024-01-19,Solapur,Inland,Medium,Winter,Clear,Moderate,Good,Automatic Station,27.57,,61.66,0.0,1011.82,6.34,142,10.37,11.01,39.88,6.58,False,False,61.48
MET-00423,2025-04-08,Pune,Inland,,Summer,Clear,Moderate,Excellent,Airport Station,28.34,23.54,53.47,0.0,1024.39,7.54,347,15.3,11.57,31.19,6.77,False,False,73.85
MET-00424,2025-01-19,Nagpur,Inland,High,Winter,Clear,Calm,Good,Automatic Station,26.59,16.71,53.4,,1016.62,4.66,82,9.93,13.88,40.74,8.42,False,False,58.05
MET-00425,2024-08-14,,Inland,Medium,Monsoon,Humid,Strong,Good,Manual Station,32.42,25.81,,28.36,1015.28,13.45,26,22.99,11.0,65.63,2.42,False,False,71.88
MET-00426,2024-10-28,Kolhapur,Inland,Medium,Post-Monsoon,Clear,Moderate,Good,Manual Station,28.62,20.0,70.91,0.0,1016.33,8.75,99,15.08,12.39,48.09,9.62,False,False,66.4
MET-00427,2024-07-10,Ratnagiri,Coastal,Low,Monsoon,Clear,Moderate,Fair,Airport Station,36.99,33.16,71.86,40.78,997.76,10.36,266,27.82,11.91,55.17,12.19,False,False,59.0
MET-00428,2024-04-18,Kolhapur,Inland,Medium,Summer,,Moderate,Good,Automatic Station,31.43,24.04,62.67,0.0,1009.44,8.2,30,16.82,15.07,,6.15,False,False,68.02
MET-00429,2025-12-06,Pune,Inland,High,Winter,Clear,Moderate,Good,Automatic Station,24.76,18.13,,0.0,,10.59,67,13.46,11.73,57.42,6.9,False,False,68.81
MET-00430,2025-08-13,Nagpur,Inland,High,Monsoon,Cloudy,Moderate,good,Automatic Station,32.04,27.61,78.78,37.5,1009.73,11.45,267,24.8,13.13,74.79,5.51,False,False,69.62
MET-00431,2025-05-28,,Inland,Medium,Summer,Clear,Moderate,,Manual Station,,25.81,55.78,0.0,1013.8,6.73,276,17.42,10.41,60.64,8.72,False,False,63.55
MET-00432,2024-11-21,Mumbai,Coastal,High,Post-Monsoon,Humid,Moderate,Good,Airport Station,28.09,18.78,85.63,0.9,1000.62,11.55,262,15.87,11.24,46.15,7.97,False,False,55.36
MET-00433,2024-04-05,,Inland,Medium,Summer,Clear,Moderate,Poor,Manual Station,31.06,22.29,43.85,0.0,1006.47,8.45,214,13.22,17.61,15.34,7.82,False,False,49.09
MET-00434,2025-10-23,Ratnagiri,Coastal,Low,Post-Monsoon,Humid,Moderate,Excellent,Automatic Station,30.5,22.38,99.0,0.95,1014.93,8.48,298,22.11,10.8,40.71,10.58,False,False,50.25
MET-00435,2024-05-23,Kolhapur,Inland,Medium,Summer,Clear,Moderate,Good,Automatic Station,32.07,27.98,67.36,0.0,1009.56,9.18,102,21.85,12.87,29.14,10.1,False,False,58.93
MET-00436,2025-01-26,Mumbai,Coastal,High,Winter,,Moderate,Excellent,Manual Station,33.38,21.53,52.58,0.0,1001.28,11.54,118,12.53,14.32,51.04,7.54,False,False,
MET-00437,2024-01-18,Solapur,Inland,Medium,Winter,Clear,Moderate,Good,,26.51,17.93,65.25,0.0,1012.74,8.46,9,9.96,,26.65,8.64,False,False,49.93
MET-00438,2024-07-25,Mumbai,Coastal,High,Monsoon,Clear,Moderate,Good,Automatic Station,40.72,27.14,75.05,35.9,993.93,11.85,238,22.91,12.04,56.75,4.14,False,False,82.9
MET-00439,2025-08-22,Nagpur,Inland,,,,Moderate,Excellent,Automatic Station,31.56,26.61,71.75,12.03,,7.59,6,,9.96,53.93,7.74,False,False,59.96
MET-00440,2025-01-06,Aurangabad,Inland,Medium,Winter,Clear,Moderate,Good,Automatic Station,23.56,15.64,54.48,0.0,1027.05,8.11,223,5.99,12.54,30.01,10.4,False,False,43.16
MET-00441,2025-12-27,Ratnagiri,Coastal,Low,Winter,Clear,Moderate,Good,Manual Station,23.98,21.87,64.28,0.0,1018.05,10.75,35,14.07,11.17,,7.89,False,False,
MET-00442,2024-10-17,Mumbai,Coastal,High,Post-Monsoon,Humid,Moderate,Excellent,Manual Station,34.34,22.64,90.08,0.0,1003.98,8.63,28,22.07,11.36,51.73,6.22,False,False,71.89
MET-00443,2025-07-07,Kolhapur,Inland,Medium,Monsoon,Clear,Strong,Excellent,Automatic Station,35.0,,76.52,0.0,1015.68,15.12,70,21.94,9.69,49.18,7.24,False,False,70.92
MET-00444,2024-10-31,Solapur,Inland,Medium,Post-Monsoon,Humid,Moderate,Good,Automatic Station,25.85,19.61,85.75,0.39,1019.86,8.65,295,17.93,7.95,59.47,5.78,False,False,59.73
MET-00445,2024-03-17,Pune,Inland,High,Summer,Clear,Moderate,Excellent,Automatic Station,28.37,21.11,63.63,0.0,1014.7,5.25,98,13.96,8.24,48.12,7.4,False,False,58.68
MET-00446,2025-05-13,Kolhapur,Inland,Medium,Summer,Clear,Moderate,Fair,Automatic Station,31.37,26.81,70.05,0.0,1012.93,7.43,148,21.07,,44.94,4.0,False,False,58.73
MET-00447,2024-06-29,Ratnagiri,Coastal,Low,Monsoon,Clear,Strong,Excellent,Automatic Station,40.73,32.57,72.46,0.0,995.19,12.1,309,27.75,12.52,41.64,5.57,False,False,74.71
MET-00448,2025-05-27,Nagpur,Inland,High,Summer,Clear,Moderate,Good,Manual Station,37.37,27.92,53.96,,1006.87,8.28,330,,14.4,38.14,10.15,False,False,78.42
MET-00449,2024-05-20,Mumbai,Coastal,High,Summer,Clear,Moderate,Fair,Automatic Station,37.09,28.54,62.58,0.0,1001.92,6.74,27,,11.95,40.84,8.24,False,False,67.8
MET-00450,2024-01-18,Solapur,Inland,Medium,Winter,Clear,Moderate,Excellent,Automatic Station,25.29,14.09,55.22,0.0,1024.38,7.36,293,5.12,15.93,20.65,8.11,False,False,48.31
MET-00451,2025-12-04,Aurangabad,Inland,Medium,Winter,Clear,Moderate,Excellent,Automatic Station,26.41,18.76,70.66,0.0,1016.61,8.71,166,13.79,11.18,38.99,9.01,False,False,46.16
MET-00452,2024-04-21,Nashik,Inland,Medium,,Clear,Moderate,Good,Automatic Station,32.74,23.05,52.08,0.0,1008.41,7.46,293,13.82,11.4,35.37,8.82,False,False,65.11
MET-00453,2024-05-23,Nagpur,Inland,High,Summer,Clear,Moderate,Poor,Automatic Station,35.03,26.5,53.22,0.0,1000.96,6.34,228,17.41,13.53,42.01,8.3,False,False,67.57
MET-00454,2024-03-28,Kolhapur,Inland,Medium,Summer,Clear,Moderate,Good,Automatic Station,28.04,23.15,64.42,0.0,1011.69,8.54,251,16.99,10.84,62.61,6.97,False,False,74.57
MET-00455,2025-06-24,Solapur,Inland,Medium,Monsoon,Clear,Moderate,Excellent,Automatic Station,36.13,27.09,68.74,2.48,1010.41,8.93,276,22.21,12.9,50.14,5.67,False,False,78.53
MET-00456,2024-09-15,Mumbai,Coastal,High,Monsoon,Clear,Moderate,,Automatic Station,32.66,24.56,66.93,,1001.1,10.46,21,18.69,9.76,63.68,6.11,False,False,59.63
MET-00457,2025-11-08,Mumbai,Coastal,High,Post-Monsoon,Clear,Moderate,Good,Manual Station,,22.87,,0.0,1012.8,11.4,203,16.17,13.39,,8.66,False,False,62.69
MET-00458,2024-03-06,Ratnagiri,Coastal,Low,Summer,Clear,Moderate,Good,Automatic Station,30.11,23.94,52.55,0.0,1004.12,9.07,30,15.44,15.89,32.68,5.97,False,False,60.27
MET-00459,2025-10-12,Mumbai,Coastal,High,Post-Monsoon,Humid,Moderate,Excellent,Manual Station,32.33,22.77,,0.0,995.47,11.14,273,19.85,13.2,43.38,7.12,False,False,64.09
MET-00460,2025-09-12,Nashik,Inland,Medium,Monsoon,Clear,Moderate,Good,,30.45,20.04,75.59,0.0,1013.55,6.32,138,15.12,9.89,50.24,8.73,False,False,57.19
MET-00461,2024-08-23,Mumbai,Coastal,High,Monsoon,Cloudy,Strong,Excellent,Manual Station,37.5,28.03,81.8,43.03,1002.36,13.33,130,24.31,,74.67,,False,False,74.1
MET-00462,2025-06-27,Kolhapur,Inland,Medium,Monsoon,Rainy,Moderate,Good,Manual Station,35.18,25.16,61.56,83.12,1012.04,9.52,162,18.5,5.85,97.73,6.35,True,False,60.25
MET-00463,2024-12-17,Mumbai,Coastal,,Winter,Cloudy,Moderate,Good,Airport Station,25.96,18.25,83.27,3.97,1004.24,6.42,338,14.84,7.05,73.56,4.43,False,False,58.47
MET-00464,2025-08-30,Solapur,Inland,Medium,Monsoon,Humid,Moderate,Fair,Manual Station,31.53,24.98,83.05,13.7,1011.86,11.71,211,20.39,7.14,61.13,5.63,False,False,62.09
MET-00465,2025-09-30,Nagpur,Inland,High,Monsoon,Clear,Strong,Excellent,,32.04,24.18,80.77,4.52,1001.99,12.03,152,20.1,10.3,51.45,6.12,False,False,64.92
MET-00466,2024-08-12,Solapur,Inland,Medium,Monsoon,Rainy,Moderate,,Manual Station,35.87,25.04,73.53,50.75,1000.27,7.62,333,,12.73,55.25,7.83,False,False,66.12
MET-00467,2025-04-13,Nashik,Inland,Medium,Summer,Clear,Moderate,Good,Manual Station,33.48,24.53,61.88,,1007.86,8.03,111,16.51,9.11,31.93,8.0,False,False,61.21
MET-00468,2024-05-17,Nashik,Inland,Medium,Summer,Clear,Moderate,Poor,Automatic Station,33.76,27.12,,0.0,1009.94,10.79,253,17.46,15.01,37.3,7.11,False,False,75.77
MET-00469,2024-05-16,Nashik,Inland,Medium,Summer,Clear,Moderate,Excellent,,34.04,24.83,,0.0,,11.17,305,20.46,10.84,41.72,10.05,False,False,54.46
MET-00470,2025-03-05,Nagpur,Inland,High,Summer,Clear,Moderate,Fair,Manual Station,29.11,21.98,52.02,0.0,1032.0,9.16,135,13.76,12.47,22.55,11.08,False,False,56.14
MET-00471,2025-12-03,Nashik,,Medium,Winter,Clear,Moderate,Good,Automatic Station,23.33,15.09,81.42,0.0,1028.19,6.68,113,13.27,7.23,58.93,7.56,False,False,57.08
MET-00472,2025-03-17,Nagpur,Inland,High,Summer,Clear,Calm,Fair,Automatic Station,30.71,25.51,,0.0,1014.37,4.01,31,19.4,10.53,45.61,7.98,False,False,
MET-00473,2025-03-19,Nashik,Inland,Medium,Summer,Clear,Moderate,Excellent,Automatic Station,28.3,22.19,51.84,0.0,1016.5,7.84,153,11.86,11.56,43.52,8.89,False,False,54.26
MET-00474,2025-05-31,Pune,Inland,High,Summer,Clear,Moderate,Excellent,Airport Station,34.4,27.21,68.19,0.0,1003.82,10.6,314,20.61,11.59,46.48,5.59,False,False,68.53
MET-00475,2025-11-13,Solapur,Inland,Medium,Post-Monsoon,Clear,Moderate,Good,Automatic Station,24.45,,81.58,0.0,1015.75,9.05,70,15.93,10.3,49.35,6.41,False,False,49.01
MET-00476,2024-01-09,,Coastal,High,Winter,Clear,Strong,Good,Automatic Station,30.27,21.39,63.25,0.0,1004.94,12.7,227,14.97,12.91,34.17,9.75,False,False,61.84
MET-00477,2024-01-21,Pune,Inland,High,Winter,Clear,Moderate,Good,Automatic Station,25.32,17.02,56.1,0.0,1017.28,6.47,277,,8.74,41.0,9.5,False,False,51.89
MET-00478,2024-02-19,Kolhapur,Inland,Medium,Winter,Clear,Moderate,Fair,Automatic Station,32.58,17.91,61.28,0.0,1011.1,5.87,118,,12.68,30.3,4.17,False,False,63.1
MET-00479,2024-09-30,Mumbai,Coastal,High,Monsoon,Rainy,Moderate,Excellent,Automatic Station,33.31,21.92,80.52,68.28,1004.49,11.17,132,19.61,3.93,95.29,2.06,False,False,66.29
MET-00480,2025-09-25,Kolhapur,Inland,Medium,Monsoon,Clear,Moderate,Fair,Automatic Station,31.16,19.58,68.39,10.12,1002.79,7.18,16,14.56,8.17,70.0,7.73,False,False,63.57
MET-00481,2025-11-04,Pune,Inland,High,Post-Monsoon,Clear,Moderate,Excellent,Automatic Station,25.83,17.33,81.4,0.0,1018.57,7.58,223,14.5,12.0,53.54,6.61,False,False,66.72
MET-00482,2024-12-21,Solapur,,Medium,Winter,Clear,Moderate,Excellent,Automatic Station,26.1,15.89,,4.06,1016.78,6.91,26,7.57,15.64,39.05,11.08,False,False,45.61
MET-00483,2025-05-06,Solapur,Inland,Medium,Summer,Clear,Moderate,,Automatic Station,35.11,24.76,49.73,0.0,1011.52,8.33,345,15.93,17.52,37.39,6.11,False,False,73.71
MET-00484,2024-07-23,Kolhapur,Inland,Medium,Monsoon,Clear,Moderate,Excellent,Manual Station,35.34,26.23,69.34,2.29,1013.63,10.73,259,20.42,9.98,51.22,7.73,False,False,63.22
MET-00485,2024-05-30,Ratnagiri,Coastal,Low,Summer,Clear,Strong,Excellent,Automatic Station,40.05,32.75,71.88,0.0,988.56,12.31,332,27.24,15.16,,7.21,False,False,65.84
MET-00486,2025-08-25,Solapur,Inland,Medium,Monsoon,Cloudy,Moderate,Good,Automatic Station,33.95,26.84,84.97,29.8,1015.72,9.09,75,23.79,10.23,76.22,3.08,False,False,65.84
MET-00487,2025-10-26,Aurangabad,Inland,Medium,Post-Monsoon,Humid,Moderate,Good,Manual Station,29.06,17.06,88.67,0.87,,6.91,107,15.12,7.41,48.92,9.5,False,False,46.69
MET-00488,2025-06-24,Pune,Inland,High,Monsoon,Clear,Moderate,,Airport Station,37.68,25.01,59.09,34.55,1000.21,9.29,153,16.8,12.65,46.0,4.68,False,False,72.66
MET-00489,2024-03-18,Nagpur,Inland,High,Summer,Clear,Moderate,Good,Manual Station,32.99,23.13,57.62,0.0,1003.27,7.03,310,16.19,14.05,,6.39,False,False,65.35
MET-00490,2024-04-25,Pune,Inland,High,Summer,Clear,Calm,Good,Manual Station,35.6,26.79,61.82,0.0,1004.96,3.33,328,20.23,9.59,52.4,6.18,False,False,76.95
MET-00491,2024-09-28,Aurangabad,Inland,Medium,Monsoon,Humid,Moderate,Excellent,Automatic Station,28.85,17.59,84.26,3.29,1013.19,6.14,270,13.71,11.1,52.31,8.18,False,False,44.75
MET-00492,2024-12-18,Kolhapur,Inland,Medium,Winter,Clear,Calm,Excellent,Automatic Station,25.54,18.25,62.78,0.0,1021.32,4.75,48,12.18,10.23,40.05,7.11,False,False,51.27
MET-00493,2024-02-28,Aurangabad,Inland,Medium,Winter,Clear,Moderate,Good,Automatic Station,27.4,20.85,51.85,0.0,,7.57,114,10.86,14.09,41.22,,False,False,63.78
MET-00494,2025-09-17,Mumbai,Coastal,High,Monsoon,Rainy,Strong,Fair,Manual Station,,27.86,81.01,49.76,996.34,12.18,14,24.19,6.16,80.55,4.31,False,False,70.28
MET-00495,2025-07-26,Mumbai,COASTAL,High,,Rainy,Strong,Excellent,Manual Station,37.7,30.18,92.68,57.04,995.25,,306,27.77,8.48,75.39,9.05,False,False,80.33
MET-00496,2024-04-08,Aurangabad,Inland,Medium,Summer,Clear,Moderate,Excellent,Airport Station,30.32,23.3,57.77,0.47,1014.14,6.81,331,16.63,12.7,38.26,9.25,False,False,62.26
MET-00497,2025-11-10,Solapur,Inland,Medium,Post-Monsoon,Clear,Moderate,Good,Airport Station,24.56,19.28,69.4,0.0,1011.58,5.45,329,14.67,15.38,17.42,11.62,False,False,37.38
MET-00498,2024-02-27,Nagpur,Inland,High,Winter,Clear,Moderate,Excellent,Automatic Station,26.99,18.82,50.8,2.66,1012.36,9.13,191,9.53,13.83,40.78,9.75,False,False,59.65
MET-00499,2025-09-09,Ratnagiri,Coastal,Low,Monsoon,Humid,Moderate,Good,Manual Station,35.06,27.5,90.59,22.6,,11.65,289,24.15,9.17,71.55,6.97,False,False,65.98
MET-00500,2024-04-05,Mumbai,Coastal,High,Summer,Clear,Moderate,Good,Manual Station,35.37,26.09,51.94,0.0,996.46,9.29,175,18.26,9.67,34.49,9.05,False,False,73.73
MET-00501,2025-02-10,Solapur,Inland,Medium,Winter,Clear,Moderate,Good,Automatic Station,26.03,16.64,57.61,0.0,1006.32,9.26,270,9.52,11.84,50.07,10.69,False,False,58.74
MET-00502,2024-06-16,Nashik,Inland,Medium,Monsoon,Clear,Moderate,Good,Automatic Station,35.81,28.19,,0.0,1016.58,8.09,73,21.21,15.52,29.28,10.4,False,False,56.56
MET-00503,2024-03-06,Aurangabad,Inland,,Summer,Clear,Moderate,Good,Manual Station,28.18,20.37,56.42,0.2,1011.91,9.68,247,12.02,11.96,34.24,10.22,False,False,53.37
MET-00504,2025-04-25,Ratnagiri,Coastal,Low,Summer,Clear,Moderate,Fair,Automatic Station,,29.85,71.17,0.0,1002.55,8.5,271,23.78,12.2,45.29,,False,False,61.08
MET-00505,2025-03-30,Nashik,,Medium,Summer,Clear,Calm,,Automatic Station,32.61,22.7,49.69,0.0,1014.89,4.12,75,13.9,12.01,34.78,8.74,False,False,61.2
MET-00506,2024-04-15,,Coastal,High,Summer,Clear,Moderate,Excellent,Manual Station,35.33,26.89,57.74,,1004.72,,335,18.55,17.39,30.15,11.72,False,False,
MET-00507,2025-01-01,Solapur,Inland,Medium,Winter,Clear,Moderate,Excellent,Manual Station,24.34,16.09,73.61,0.0,1010.77,5.91,61,12.53,10.01,32.75,9.3,False,False,56.03
MET-00508,2024-04-10,Aurangabad,Inland,Medium,Summer,Clear,Calm,Good,Automatic Station,31.14,23.2,54.84,0.69,1014.43,3.93,247,14.7,15.86,15.8,10.18,False,False,46.58
MET-00509,2025-02-11,Ratnagiri,Coastal,Low,Winter,Clear,Moderate,Good,Automatic Station,28.87,21.89,66.13,0.0,1013.09,7.58,289,,12.1,39.88,10.1,False,False,56.96
MET-00510,2024-10-16,Mumbai,,High,Post-Monsoon,Humid,Strong,Good,Automatic Station,30.75,23.92,87.8,0.0,1006.43,13.88,213,21.22,8.65,38.8,8.37,False,False,69.25
MET-00511,2025-08-25,Nagpur,Inland,High,Monsoon,Clear,Moderate,Excellent,Automatic Station,32.59,23.78,77.42,0.0,1006.94,8.3,198,20.15,13.13,29.25,7.31,False,False,65.62
MET-00512,2024-03-22,Nagpur,Inland,High,Summer,Clear,Moderate,Excellent,Automatic Station,,22.51,55.99,0.0,1002.09,7.49,147,15.34,13.54,36.96,,False,False,62.82
MET-00513,2025-12-04,Mumbai,Coastal,High,Winter,Clear,Moderate,,Automatic Station,28.36,20.55,61.61,0.0,1012.29,7.95,88,13.56,12.84,38.07,9.96,False,False,59.2
MET-00514,2024-05-28,Solapur,Inland,Medium,Summer,Clear,Moderate,Good,Manual Station,33.6,28.45,68.2,0.0,1009.63,7.03,173,,11.5,22.66,6.3,False,False,63.44
MET-00515,2025-04-03,Kolhapur,Inland,Medium,Summer,Clear,Moderate,Good,Manual Station,31.21,23.4,57.85,0.0,1012.62,7.0,326,15.56,12.48,,7.88,False,False,54.31
MET-00516,2025-11-10,Kolhapur,Inland,Medium,Post-Monsoon,Clear,Moderate,,Airport Station,26.69,17.3,79.58,0.0,1020.04,11.42,103,,9.58,52.29,7.44,False,False,64.96
MET-00517,2025-09-16,,Inland,Medium,Monsoon,Clear,Moderate,Good,Automatic Station,31.45,23.25,75.78,,1017.62,9.02,104,18.94,11.77,38.71,8.84,False,False,66.01
MET-00518,2025-05-19,Nashik,Inland,Medium,Summer,Clear,Moderate,Fair,Automatic Station,35.58,29.75,52.16,0.0,1006.42,7.08,292,20.75,15.32,35.35,10.26,False,False,59.35
MET-00519,2025-11-16,Solapur,Inland,Medium,Post-Monsoon,Clear,Moderate,Excellent,,24.42,18.67,68.67,0.0,1016.63,5.83,186,11.97,10.07,24.83,8.8,False,False,45.1
MET-00520,2025-09-29,Aurangabad,Inland,Medium,Monsoon,Clear,Strong,Good,Automatic Station,29.18,,,35.94,1007.31,13.86,313,16.48,8.0,58.38,4.34,False,False,69.71
MET-00521,2024-07-04,Mumbai,Coastal,High,Monsoon,Clear,Moderate,Fair,Automatic Station,37.67,30.49,,0.0,995.21,10.84,145,27.06,9.95,47.6,6.28,False,False,67.27
MET-00522,2024-09-11,,Coastal,High,Monsoon,Rainy,Strong,Good,Automatic Station,34.64,24.63,91.76,111.87,998.23,13.61,111,23.09,8.17,100.0,3.89,True,True,64.67
MET-00523,2024-10-29,Pune,Inland,High,Post-Monsoon,Clear,Moderate,Fair,Automatic Station,23.95,19.44,65.57,0.0,1015.02,,157,13.02,6.59,46.47,8.42,False,False,47.02
MET-00524,2025-10-09,Nashik,Inland,Medium,Post-Monsoon,Clear,Moderate,Excellent,Automatic Station,27.72,21.8,66.73,0.0,,9.81,59,15.87,8.94,45.55,10.1,False,False,58.82
MET-00525,2025-02-02,Nagpur,Inland,High,Winter,Clear,Moderate,Poor,Automatic Station,27.38,20.25,49.19,0.0,1013.41,8.66,245,11.32,13.09,34.65,10.63,False,False,58.07
MET-00526,2025-02-21,Aurangabad,Inland,Medium,Winter,Clear,Moderate,GOOD,Automatic Station,25.11,17.49,,0.0,1017.52,7.74,353,8.89,14.66,30.85,11.6,False,False,47.54
MET-00527,2024-06-15,Pune,Inland,High,Monsoon,Humid,Moderate,Fair,Manual Station,33.72,26.16,83.03,1.93,1005.09,6.23,196,23.45,11.3,55.09,3.5,False,False,75.23
MET-00528,2024-08-31,Nagpur,Inland,High,Monsoon,Clear,Moderate,Good,Manual Station,34.62,26.49,77.77,3.12,1004.37,11.54,22,23.02,10.9,58.76,6.72,False,False,73.54
MET-00529,2025-12-05,Mumbai,Coastal,High,Winter,Clear,Moderate,Fair,Airport Station,29.7,23.74,,0.0,1006.17,7.76,122,18.69,,66.42,7.65,False,False,65.11
MET-00530,2024-01-24,Nashik,Inland,Medium,Winter,Clear,Moderate,Fair,Manual Station,23.8,16.56,59.66,0.0,1020.42,8.17,203,7.7,13.04,45.43,10.51,False,False,53.16
MET-00531,2025-12-28,Kolhapur,Inland,Medium,Winter,Clear,Moderate,Good,Manual Station,22.61,15.3,64.07,0.0,1014.9,7.75,179,9.69,13.02,31.11,6.96,False,False,
MET-00532,2024-11-20,Mumbai,Coastal,High,Post-Monsoon,Clear,Moderate,Excellent,Airport Station,27.63,18.82,72.25,0.48,1011.59,6.79,98,13.82,12.07,33.34,11.12,False,False,54.31
MET-00533,2025-04-30,Kolhapur,Inland,Medium,Summer,Clear,Moderate,Good,Manual Station,35.59,25.63,47.33,0.0,1011.34,7.98,227,16.2,13.56,29.83,12.06,False,False,65.56
MET-00534,2024-07-02,Mumbai,,High,,Rainy,Strong,Excellent,Automatic Station,39.15,33.17,85.34,90.27,996.83,14.64,131,29.42,8.65,100.0,2.9,True,False,75.47
MET-00535,2025-02-24,Nashik,Inland,Medium,Winter,Clear,Moderate,Good,Automatic Station,29.81,19.13,48.88,0.0,1017.09,8.15,9,9.94,15.28,29.7,5.74,False,False,61.39
MET-00536,2024-03-10,Kolhapur,Inland,Medium,Summer,Clear,Moderate,Excellent,Automatic Station,27.83,19.39,43.46,0.0,1012.92,9.22,264,9.52,13.19,34.23,8.42,False,False,54.79
MET-00537,2024-02-23,Nashik,Inland,Medium,Winter,Clear,Moderate,Excellent,,26.66,18.84,51.4,0.17,1009.66,6.6,165,10.8,12.98,40.33,8.94,False,False,59.21
MET-00538,2025-06-06,Pune,Inland,High,Monsoon,Clear,Moderate,Fair,Automatic Station,38.72,26.9,66.74,2.16,1008.03,10.66,138,20.44,17.62,35.49,,False,False,63.12
MET-00539,2024-09-07,Solapur,Inland,Medium,Monsoon,Clear,Calm,Excellent,Automatic Station,34.2,21.57,79.39,5.19,1013.92,3.66,164,16.68,12.32,51.87,8.16,False,False,64.03
MET-00540,2024-08-28,Ratnagiri,Coastal,Low,Monsoon,Humid,Moderate,Excellent,Automatic Station,33.67,31.06,84.56,0.0,,11.2,43,28.57,10.36,62.18,3.64,False,False,71.91
MET-00541,2025-03-15,Pune,Inland,High,Summer,Clear,Moderate,Good,Manual Station,30.27,18.59,39.14,0.0,1015.1,7.83,209,7.8,14.67,28.04,8.32,False,False,49.36
MET-00542,2025-08-14,Mumbai,Coastal,High,Monsoon,Clear,Moderate,Fair,Manual Station,37.96,29.56,81.87,0.0,1006.47,9.36,315,26.85,11.9,46.13,8.82,False,False,76.24
MET-00543,2025-11-07,Nashik,Inland,Medium,Post-Monsoon,Humid,Moderate,Fair,,24.42,16.45,87.89,0.0,1019.04,5.54,142,14.05,9.22,45.11,5.65,False,False,
MET-00544,2024-10-30,Nagpur,Inland,High,Post-Monsoon,Clear,Calm,Fair,Automatic Station,28.45,19.74,80.7,0.0,1017.03,4.72,261,15.22,13.43,39.45,5.9,False,False,57.76
MET-00545,2024-08-02,Mumbai,Coastal,High,Monsoon,Humid,Strong,Poor,Manual Station,37.02,29.62,82.56,26.49,990.81,12.65,214,26.02,12.22,55.09,8.23,False,False,65.31
MET-00546,2025-04-29,Solapur,Inland,Medium,Summer,Clear,Moderate,Good,Manual Station,34.01,,59.6,0.0,1008.44,8.21,98,19.44,11.2,40.12,9.83,False,False,59.32
MET-00547,2025-09-24,Solapur,Inland,Medium,Monsoon,Rainy,Strong,Good,Automatic Station,29.24,20.54,80.81,55.86,1013.76,14.16,189,17.5,7.74,88.69,3.88,False,False,71.48
MET-00548,2025-01-23,Aurangabad,Inland,Medium,Winter,Clear,Moderate,Fair,Airport Station,23.02,15.36,65.65,,1018.9,6.87,257,7.46,13.54,43.83,7.98,False,False,47.43
MET-00549,2024-09-20,Pune,Inland,High,Monsoon,Clear,Moderate,Good,Manual Station,26.79,21.24,81.8,12.92,,11.92,219,16.35,11.76,48.01,8.25,False,False,61.87
MET-00550,2024-03-04,Kolhapur,,Medium,Summer,Clear,Calm,Good,Manual Station,26.85,21.91,48.88,0.0,1013.52,4.73,125,,14.47,32.68,12.62,False,False,60.21
MET-00551,2025-10-12,Nagpur,,High,Post-Monsoon,Humid,Moderate,Excellent,Automatic Station,26.52,19.77,82.02,2.51,1015.9,7.6,268,17.1,11.64,44.28,7.64,False,False,53.2
MET-00552,2025-09-17,Mumbai,Coastal,High,Monsoon,Cloudy,Moderate,Excellent,Automatic Station,33.88,,86.62,20.87,999.86,11.73,314,23.93,7.13,,3.08,False,False,71.8
MET-00553,2025-08-01,Kolhapur,Inland,Medium,Monsoon,Clear,Strong,Good,Automatic Station,,26.42,69.21,3.04,1008.04,12.94,46,19.44,12.05,46.96,6.54,False,False,69.21
MET-00554,2024-02-04,Solapur,Inland,Medium,Winter,Clear,Calm,Good,Automatic Station,,20.1,52.27,0.0,,3.83,15,11.15,13.19,,10.05,False,False,59.43
MET-00555,2025-08-08,Ratnagiri,Coastal,Low,Monsoon,Cloudy,Moderate,Fair,Automatic Station,39.4,28.25,89.49,39.94,993.84,9.84,260,27.55,8.29,74.79,7.8,False,False,62.93
MET-00556,2024-10-22,Aurangabad,Inland,Medium,Post-Monsoon,Humid,Moderate,Excellent,Airport Station,27.65,17.61,83.58,0.0,1017.18,6.42,97,14.54,11.58,55.27,6.92,False,False,57.5
MET-00557,2025-10-11,Nashik,Inland,Medium,Post-Monsoon,Humid,Moderate,Good,Manual Station,27.52,15.66,86.0,0.0,,8.35,228,13.71,10.34,43.49,5.71,False,False,58.4
MET-00558,2025-08-21,Pune,Inland,High,Monsoon,Clear,Moderate,,Automatic Station,34.51,22.67,71.5,0.0,1014.01,8.91,18,17.92,13.47,35.78,6.22,False,False,
MET-00559,2024-07-07,Mumbai,COASTAL,High,Monsoon,Rainy,Moderate,Excellent,Automatic Station,38.66,30.66,85.94,85.66,999.72,7.1,340,28.97,11.94,98.72,2.91,True,False,65.27
MET-00560,2024-10-20,Solapur,Inland,Medium,Post-Monsoon,Clear,Moderate,Good,,28.98,21.04,81.66,0.0,1009.64,6.28,101,17.88,9.38,47.29,,False,False,59.25
MET-00561,2024-11-02,Solapur,Inland,,Post-Monsoon,Clear,Calm,Excellent,Automatic Station,26.89,16.71,73.63,0.0,1016.47,4.77,241,,12.87,33.09,7.29,False,False,44.02
MET-00562,2024-02-04,Kolhapur,Inland,Medium,Winter,Clear,Moderate,Excellent,Airport Station,26.61,17.46,56.1,0.0,,7.64,81,8.96,10.98,,10.37,False,False,54.16
MET-00563,2025-05-27,Nagpur,Inland,High,Summer,Clear,Moderate,Excellent,Manual Station,37.86,28.07,42.32,0.0,1006.96,8.61,90,18.69,15.16,23.07,7.17,False,False,68.78
MET-00564,2025-08-20,Ratnagiri,Coastal,Low,Monsoon,Clear,Moderate,Good,,36.43,27.27,80.05,5.49,995.94,7.94,340,23.66,12.22,53.64,6.98,False,False,65.87
MET-00565,2024-09-20,Ratnagiri,Coastal,Low,Monsoon,Humid,Strong,Good,Airport Station,37.1,26.41,88.2,24.77,1002.69,12.62,352,25.07,13.0,59.56,7.78,False,False,68.94
MET-00566,2024-04-05,Kolhapur,Inland,Medium,Summer,Clear,Moderate,Good,Airport Station,27.75,21.54,57.27,0.0,1007.47,8.16,206,14.59,11.72,,9.91,False,False,56.8
MET-00567,2024-01-23,Mumbai,Coastal,High,Winter,Clear,Moderate,Good,Automatic Station,28.91,22.12,73.61,0.0,1007.28,9.99,119,17.26,10.33,,7.3,False,False,58.42
MET-00568,2024-11-19,Nashik,Inland,Medium,Post-Monsoon,Clear,Moderate,Good,Automatic Station,22.19,16.49,80.95,3.54,1020.0,7.99,30,12.62,9.41,66.72,6.23,False,False,49.46
MET-00569,2024-04-20,Nagpur,Inland,High,Summer,Clear,Moderate,GOOD,Automatic Station,35.11,26.05,39.73,,998.0,6.9,280,15.23,,28.42,10.29,False,False,64.0
MET-00570,2025-12-03,Mumbai,COASTAL,,Winter,Humid,Moderate,Good,Automatic Station,26.34,20.97,95.07,0.54,1009.72,7.39,124,19.66,7.63,66.49,5.99,False,False,56.06
MET-00571,2024-01-27,Nashik,Inland,Medium,Winter,Clear,Moderate,Fair,Automatic Station,25.97,16.71,61.19,0.89,1018.94,10.23,139,10.99,12.71,32.98,8.57,False,False,55.57
MET-00572,2024-08-19,Mumbai,Coastal,High,Monsoon,Humid,Moderate,Excellent,Manual Station,35.41,27.78,90.64,0.79,995.72,9.26,353,27.13,10.67,65.28,6.53,False,False,71.88
MET-00573,2024-06-18,Nagpur,Inland,High,Monsoon,Clear,Moderate,Good,Automatic Station,34.65,26.59,58.96,11.32,1005.86,8.98,29,17.89,8.16,52.14,8.24,False,False,68.15
MET-00574,2024-06-15,Nashik,Inland,Medium,Monsoon,Cloudy,Moderate,Good,Automatic Station,37.28,26.38,71.81,28.25,1009.51,10.25,318,20.22,10.99,72.4,8.32,False,False,73.81
MET-00575,2024-11-08,Pune,,High,,Clear,Calm,Good,Automatic Station,26.58,16.04,68.65,1.24,1020.61,4.04,134,,15.07,46.0,7.55,False,False,49.57
MET-00576,2024-08-03,Kolhapur,Inland,Medium,Monsoon,Clear,Moderate,Good,,33.72,,76.92,0.0,1006.85,5.6,186,22.73,14.35,28.42,9.95,False,False,50.74
MET-00577,2024-08-01,Aurangabad,Inland,Medium,Monsoon,Clear,Moderate,Excellent,Manual Station,32.17,23.65,77.97,3.09,1013.29,9.35,259,19.1,11.28,44.29,8.28,False,False,
MET-00578,2024-12-14,Kolhapur,Inland,Medium,Winter,Clear,Calm,,Automatic Station,23.3,17.97,80.83,0.0,1012.44,2.34,13,14.64,7.09,55.06,8.42,False,False,41.78
MET-00579,2024-06-20,Ratnagiri,Coastal,Low,Monsoon,Rainy,Strong,Good,Manual Station,37.3,34.62,81.24,85.01,997.49,12.68,317,32.0,7.84,100.0,3.26,True,False,78.1
MET-00580,2024-01-01,,Inland,High,Winter,Clear,Moderate,Excellent,Automatic Station,23.61,17.33,72.82,0.67,1022.19,8.45,91,12.6,14.13,45.4,5.82,False,False,59.42
MET-00581,2025-01-02,Mumbai,Coastal,High,Winter,Clear,Moderate,Fair,Manual Station,28.07,21.52,58.45,0.0,1006.36,6.83,162,12.45,11.28,44.84,11.58,False,False,56.1
MET-00582,2024-02-28,Nashik,Inland,Medium,Winter,Clear,Calm,Excellent,Automatic Station,26.42,18.89,50.93,4.31,1012.57,4.34,84,10.86,13.16,37.43,8.1,False,False,48.21
MET-00583,2025-09-27,Nagpur,Inland,High,Monsoon,Clear,Moderate,Good,Automatic Station,32.33,19.62,75.85,13.21,1012.04,9.39,4,15.45,13.69,56.91,9.61,False,False,69.44
MET-00584,2024-09-05,Pune,Inland,High,Monsoon,Rainy,Moderate,Good,Automatic Station,29.07,24.95,90.21,68.33,1012.49,8.93,345,23.48,7.35,96.6,4.29,True,False,59.36
MET-00585,2025-04-27,,,Low,Summer,,Moderate,,Automatic Station,41.16,30.75,50.89,0.0,999.21,10.94,352,23.14,18.37,34.4,7.35,False,False,73.61
MET-00586,2024-06-30,Solapur,Inland,Medium,Monsoon,Clear,Moderate,Good,Manual Station,34.4,27.23,61.63,20.8,1004.74,6.28,56,20.11,12.89,58.92,6.61,False,False,
MET-00587,2024-05-23,,Inland,Medium,Summer,Clear,Moderate,Fair,Automatic Station,36.88,28.61,66.21,,1012.83,8.41,278,,,51.13,11.78,False,False,65.98
MET-00588,2025-06-14,Solapur,Inland,Medium,Monsoon,Clear,Moderate,Fair,Automatic Station,33.46,27.89,65.25,0.0,1006.38,7.93,355,21.44,11.86,52.83,10.42,False,False,61.66
MET-00589,2024-04-09,Nagpur,Inland,High,Summer,Clear,Moderate,Good,Automatic Station,30.74,25.04,58.87,0.0,1008.5,7.6,217,17.4,14.59,24.96,9.75,False,False,55.24
MET-00590,2024-11-19,Solapur,Inland,Medium,Post-Monsoon,Clear,Moderate,Good,Automatic Station,25.47,16.19,80.66,0.0,1016.7,9.24,8,12.1,12.94,50.82,9.97,False,False,
MET-00591,2025-03-02,,Inland,High,Summer,Clear,Moderate,GOOD,Automatic Station,29.91,18.68,46.05,1.45,1012.96,10.16,297,8.98,17.01,34.69,10.72,False,False,59.07
MET-00592,2025-07-01,Aurangabad,Inland,Medium,Monsoon,Cloudy,Moderate,Fair,Manual Station,37.52,27.26,66.92,30.66,1007.63,8.86,151,22.38,10.63,74.56,6.21,False,False,69.24
MET-00593,2024-07-02,Ratnagiri,Coastal,Low,Monsoon,Clear,Moderate,Poor,Automatic Station,43.42,32.48,81.07,0.0,993.23,10.5,307,28.77,15.14,31.64,10.86,False,False,77.45
MET-00594,2024-03-10,Pune,Inland,,Summer,Clear,Calm,Fair,Automatic Station,25.61,21.38,57.3,0.0,1013.06,4.73,16,14.25,9.63,37.28,8.89,False,False,51.65
MET-00595,2024-10-22,Solapur,Inland,Medium,Post-Monsoon,Clear,Moderate,Fair,Automatic Station,30.53,18.43,74.87,1.32,1006.95,,254,14.59,11.95,52.47,7.48,False,False,60.91
MET-00596,2024-12-02,Mumbai,Coastal,High,Winter,Clear,Moderate,Excellent,Automatic Station,30.16,22.03,74.08,3.62,1003.3,8.23,315,18.19,9.76,37.25,9.66,False,False,54.9
MET-00597,2024-07-31,Nagpur,,High,Monsoon,Clear,Moderate,Good,Airport Station,37.62,28.42,,2.49,1005.46,7.32,108,25.22,11.91,48.29,6.97,False,False,73.42
MET-00598,2025-02-05,Pune,Inland,High,Winter,Clear,Moderate,Excellent,Airport Station,26.47,18.25,54.8,0.99,1011.42,8.97,16,10.36,14.27,38.36,10.08,False,False,63.52
MET-00599,2024-05-30,Aurangabad,Inland,Medium,Summer,Clear,Moderate,,Manual Station,36.0,26.61,70.63,0.0,1019.85,8.07,48,21.92,9.69,61.96,8.51,False,False,71.76
MET-00600,2024-11-07,Solapur,Inland,Medium,Post-Monsoon,Clear,Moderate,Excellent,Automatic Station,23.63,16.16,74.76,0.0,1014.13,7.47,220,10.78,6.98,54.11,10.23,False,False,46.96
MET-00601,2024-03-29,Mumbai,Coastal,High,Summer,Clear,Moderate,Good,Automatic Station,35.08,24.99,60.61,0.0,1000.83,8.75,74,19.14,14.25,47.61,10.83,False,False,
MET-00602,2025-07-20,Ratnagiri,Coastal,Low,Monsoon,,Moderate,Excellent,Manual Station,37.67,32.18,87.43,27.42,991.62,6.95,110,31.34,9.6,,6.09,False,False,62.74
MET-00603,2025-09-19,Solapur,Inland,Medium,,Humid,Moderate,Good,Manual Station,32.55,22.66,89.6,42.52,1011.45,9.51,128,20.79,,63.66,7.29,False,False,63.52
MET-00604,2024-11-18,Kolhapur,Inland,Medium,Post-Monsoon,Clear,Calm,Excellent,Manual Station,23.78,16.59,,2.51,1014.18,3.36,14,11.16,5.91,47.08,5.59,False,False,42.54
MET-00605,2025-05-30,Kolhapur,Inland,Medium,Summer,Clear,Moderate,Excellent,Automatic Station,33.68,27.58,68.56,0.0,1011.53,7.72,76,21.57,15.26,35.05,10.09,False,False,59.16
MET-00606,2025-08-06,Pune,Inland,High,Monsoon,Humid,Strong,Good,Automatic Station,35.1,26.26,89.28,17.29,1008.15,12.21,161,23.71,9.73,68.9,7.31,False,False,70.67
MET-00607,2024-01-21,Mumbai,Coastal,High,Winter,Humid,Moderate,Good,Automatic Station,26.12,22.55,83.14,1.75,,7.25,248,19.65,9.85,44.39,10.06,False,False,37.52
MET-00608,2024-11-16,Pune,Inland,High,Post-Monsoon,Clear,Moderate,,Automatic Station,28.09,14.88,67.03,0.0,1012.5,6.8,44,9.37,12.68,34.85,10.11,False,False,62.71
MET-00609,2025-03-15,Pune,Inland,High,Summer,Clear,Moderate,Good,Automatic Station,26.15,20.24,54.88,0.0,1018.71,5.52,299,10.88,12.47,43.06,5.99,False,False,66.19
MET-00610,2025-01-30,Mumbai,Coastal,High,Winter,Clear,Moderate,Excellent,Automatic Station,28.25,21.97,60.71,0.0,1004.39,10.41,359,17.43,12.38,40.2,8.08,False,False,66.33
MET-00611,2025-02-02,Pune,Inland,High,Winter,Clear,Moderate,Good,Airport Station,28.44,15.86,61.04,0.0,1010.37,5.28,331,9.15,10.98,50.44,7.72,False,False,59.74
MET-00612,2025-06-09,Nagpur,Inland,High,Monsoon,Rainy,Moderate,Fair,Automatic Station,37.66,25.27,64.8,48.82,1004.1,7.7,134,17.78,13.04,65.93,8.32,False,False,76.97
MET-00613,2025-08-10,Nashik,Inland,Medium,Monsoon,Humid,Moderate,Excellent,Automatic Station,33.09,25.63,88.53,8.84,1007.88,11.04,170,23.59,11.47,48.82,5.92,False,False,
MET-00614,2024-04-19,Solapur,Inland,Medium,Summer,Clear,Moderate,Good,Automatic Station,34.52,23.61,43.33,0.0,1006.54,8.87,2,13.17,13.97,13.09,13.97,False,False,53.75
MET-00615,2024-10-07,Mumbai,Coastal,High,Post-Monsoon,,Moderate,Excellent,Automatic Station,32.82,23.96,90.89,1.82,,7.38,149,22.31,7.24,59.24,5.13,False,False,65.98
MET-00616,2025-11-04,,Inland,Medium,Post-Monsoon,Clear,Moderate,Fair,,25.67,17.49,70.12,0.0,1015.78,7.79,149,13.04,9.25,48.38,8.61,False,False,54.9
MET-00617,2025-08-07,Nagpur,Inland,High,Monsoon,Rainy,Moderate,Good,Automatic Station,31.96,24.7,83.19,47.11,1005.46,10.72,289,20.9,9.72,79.46,2.13,False,False,76.51
MET-00618,2025-01-28,Kolhapur,Inland,Medium,Winter,Clear,Moderate,Good,Automatic Station,25.86,18.75,69.64,,1022.28,5.15,119,13.12,10.29,32.91,8.57,False,False,35.42
MET-00619,2025-11-12,Mumbai,Coastal,High,Post-Monsoon,Clear,Moderate,Good,Manual Station,30.01,,73.5,0.0,1001.93,10.54,240,14.96,10.01,41.07,,False,False,51.32
MET-00620,2025-10-11,Mumbai,Coastal,High,Post-Monsoon,Humid,Moderate,Fair,Automatic Station,32.69,23.73,87.79,,1005.9,5.97,176,22.83,11.1,50.47,4.15,False,False,72.32
MET-00621,2024-04-06,Mumbai,Coastal,High,Summer,Clear,Moderate,Fair,Airport Station,35.7,28.73,74.4,0.78,1004.99,11.69,83,24.35,11.62,44.29,6.68,False,False,75.58
MET-00622,2024-06-22,Solapur,Inland,Medium,Monsoon,Rainy,Moderate,Excellent,Automatic Station,34.08,28.3,69.69,47.14,,7.65,324,22.04,9.29,62.13,4.34,False,False,65.72
MET-00623,2024-04-17,Mumbai,Coastal,High,Summer,Clear,Moderate,Poor,Automatic Station,36.0,28.11,63.93,0.0,997.4,9.85,182,20.59,11.41,46.8,8.21,False,False,67.86
MET-00624,2025-05-01,Solapur,Inland,Medium,Summer,Clear,Moderate,Excellent,Airport Station,33.32,26.45,45.87,1.07,1017.62,5.95,200,16.35,15.4,30.67,5.64,False,False,67.61
MET-00625,2025-01-07,Pune,Inland,High,Winter,Clear,Moderate,Good,Manual Station,,14.25,,0.38,1024.3,7.86,233,,16.83,29.15,10.28,False,False,63.81
MET-00626,2025-11-05,Kolhapur,Inland,Medium,Post-Monsoon,Humid,Moderate,Good,Automatic Station,,15.77,,0.0,1013.21,8.84,183,12.39,9.92,65.56,7.06,False,False,58.18
MET-00627,2025-01-18,Mumbai,Coastal,High,Winter,Clear,Moderate,,Automatic Station,29.75,,68.64,0.0,1004.68,7.88,245,16.66,9.72,48.22,11.22,False,False,55.82
MET-00628,2024-11-11,Solapur,Inland,Medium,Post-Monsoon,Clear,Moderate,Good,Automatic Station,26.97,19.52,63.75,0.0,1013.65,5.65,99,12.69,12.07,60.37,9.41,False,False,57.75
MET-00629,2025-01-17,Aurangabad,Inland,Medium,Winter,Clear,Moderate,,Automatic Station,25.21,15.13,53.34,0.0,1011.76,6.17,330,6.07,12.64,33.04,8.94,False,False,49.91
MET-00630,2025-03-31,Mumbai,Coastal,High,Summer,Clear,Moderate,Fair,Automatic Station,34.02,29.26,57.38,,1001.66,10.64,329,21.24,13.6,45.39,7.68,False,False,72.11
MET-00631,2024-01-19,Mumbai,Coastal,High,Winter,Clear,Moderate,Fair,Automatic Station,,20.24,69.44,0.0,1014.87,7.32,120,15.75,11.45,39.09,9.75,False,False,47.89
MET-00632,2025-09-23,Nashik,Inland,Medium,Monsoon,,Moderate,Good,Airport Station,29.13,23.58,92.64,14.88,1017.22,9.56,82,22.09,6.92,66.96,7.59,False,False,55.97
MET-00633,2025-02-06,Nashik,,Medium,Winter,Clear,Moderate,Good,Manual Station,28.01,13.3,60.9,0.0,1019.26,7.25,194,5.0,8.6,58.77,11.29,False,False,48.41
MET-00634,2025-11-27,Mumbai,Coastal,High,Post-Monsoon,Clear,Moderate,Excellent,Manual Station,27.81,18.79,65.39,0.0,1011.52,6.96,193,13.29,11.98,35.66,8.49,False,False,52.12
MET-00635,2024-06-15,Pune,Inland,High,Monsoon,Clear,Moderate,Fair,Automatic Station,34.75,29.13,,34.85,990.0,10.26,70,22.96,10.34,59.98,6.23,False,False,67.62
MET-00636,2025-07-19,Aurangabad,Inland,Medium,Monsoon,Clear,Moderate,Poor,Automatic Station,33.97,26.15,75.55,35.32,,8.54,333,22.29,11.81,53.5,4.66,False,False,63.95
MET-00637,2024-10-28,Nashik,Inland,Medium,Post-Monsoon,,Moderate,Good,Automatic Station,26.45,18.92,98.7,0.17,1020.72,9.21,203,19.52,8.29,69.01,6.95,False,False,
MET-00638,2025-09-18,Pune,Inland,High,Monsoon,Clear,Moderate,Good,Automatic Station,31.26,22.93,69.94,0.0,1013.35,9.16,213,17.33,10.32,49.3,11.01,False,False,62.18
MET-00639,2024-05-21,,Inland,High,Summer,Clear,Moderate,Fair,Manual Station,37.02,28.09,56.4,0.0,1005.8,7.18,121,21.35,17.18,17.49,8.52,False,False,61.8
MET-00640,2024-08-13,Kolhapur,Inland,Medium,Monsoon,Rainy,Moderate,Excellent,Automatic Station,32.19,26.03,81.11,50.83,1019.15,10.5,48,22.33,7.31,70.26,3.68,False,False,
MET-00641,2024-08-31,Mumbai,Coastal,High,Monsoon,Clear,Moderate,GOOD,Automatic Station,38.02,27.67,79.35,1.91,994.99,10.64,326,24.41,9.55,58.53,7.9,False,False,
MET-00642,2024-10-01,Mumbai,Coastal,High,Post-Monsoon,Humid,Moderate,Excellent,Manual Station,32.36,23.41,85.08,0.82,1011.72,7.02,348,21.06,11.43,56.93,7.63,False,False,60.06
MET-00643,2024-10-12,Solapur,Inland,,Post-Monsoon,Clear,Moderate,Excellent,Airport Station,29.2,18.8,75.23,0.0,1003.41,8.47,317,14.49,11.89,39.2,8.19,False,False,52.13
MET-00644,2024-03-02,Mumbai,Coastal,High,Summer,Clear,Strong,Good,Automatic Station,30.84,24.83,44.94,0.0,1003.26,12.19,150,13.9,16.36,33.19,6.93,False,False,69.99
MET-00645,2024-07-05,,Inland,High,Monsoon,Clear,Moderate,Good,Automatic Station,34.66,25.56,67.73,0.0,1005.55,10.02,26,18.92,11.45,62.01,7.77,False,False,79.13
MET-00646,2024-04-16,Aurangabad,Inland,Medium,Summer,Clear,Moderate,,Airport Station,28.34,21.52,69.88,1.7,1009.86,9.47,311,15.98,11.11,47.87,4.79,False,False,56.86
MET-00647,2024-11-13,Nashik,Inland,Medium,Post-Monsoon,Clear,Moderate,Poor,Airport Station,27.57,,63.51,0.0,1019.14,8.56,287,12.1,,46.23,9.7,False,False,56.72
MET-00648,2025-11-26,Mumbai,Coastal,High,Post-Monsoon,Clear,Moderate,Excellent,Manual Station,29.04,20.11,77.63,0.0,1007.5,11.47,315,16.14,8.95,48.94,6.42,False,False,55.75
MET-00649,2024-07-24,Mumbai,Coastal,High,Monsoon,Clear,Strong,,Manual Station,39.74,30.37,71.02,5.02,996.97,14.07,315,25.38,12.07,37.96,10.28,False,False,79.27
MET-00650,2024-05-26,Nagpur,Inland,High,Summer,Clear,Moderate,Excellent,,36.96,28.05,59.71,0.63,1003.48,5.07,210,19.75,12.43,39.41,9.11,False,False,63.07
MET-00651,2024-08-10,Aurangabad,Inland,Medium,Monsoon,Clear,Moderate,Good,Automatic Station,33.29,25.84,71.73,10.82,1011.56,11.43,154,20.01,11.9,38.55,6.27,False,False,61.86
MET-00652,2024-08-08,Nagpur,Inland,,Monsoon,Clear,Moderate,Good,Manual Station,31.95,27.72,72.07,35.79,1015.17,11.17,340,22.06,11.92,59.85,9.27,False,False,67.4
MET-00653,2025-06-15,Aurangabad,Inland,Medium,Monsoon,Clear,Calm,Excellent,Automatic Station,35.22,25.06,69.99,0.0,1015.73,4.75,354,19.68,17.73,36.18,,False,False,76.22
MET-00654,2025-01-06,Aurangabad,,Medium,Winter,Clear,Moderate,Excellent,Automatic Station,24.61,16.33,71.92,0.0,1022.28,7.34,301,10.56,8.76,54.39,,False,False,52.62
MET-00655,2025-08-25,Solapur,Inland,Medium,Monsoon,Humid,Strong,,Automatic Station,30.7,24.28,86.12,0.0,1015.25,13.74,162,23.25,12.86,46.21,,False,False,65.58
MET-00656,2025-03-31,Solapur,Inland,Medium,Summer,Clear,Moderate,Good,Automatic Station,28.51,22.43,55.73,2.86,1016.33,5.73,243,14.4,13.8,37.85,5.88,False,False,
MET-00657,2025-11-23,Solapur,Inland,Medium,,,Moderate,,Manual Station,24.87,16.05,63.15,0.0,1013.86,5.33,321,11.99,12.64,29.21,7.33,False,False,45.63
MET-00658,2025-06-19,Nagpur,Inland,High,,Clear,Moderate,,Automatic Station,35.81,28.87,71.59,7.06,998.22,10.11,96,23.26,9.04,49.1,6.74,False,False,65.95
MET-00659,2024-10-27,,Coastal,High,Post-Monsoon,,Moderate,Good,,31.5,25.35,83.9,0.0,1005.82,6.99,201,23.58,10.91,47.35,6.5,False,False,65.2
MET-00660,2025-07-17,Kolhapur,Inland,Medium,Monsoon,Clear,Moderate,GOOD,Automatic Station,33.53,27.02,73.48,0.0,1010.08,9.64,291,22.95,9.98,44.54,9.08,False,False,66.25
MET-00661,2024-02-03,Ratnagiri,Coastal,,Winter,Clear,Moderate,Good,Automatic Station,30.63,22.47,47.73,0.0,1008.09,,136,11.99,12.66,18.89,6.44,False,False,55.13
MET-00662,2025-06-20,Kolhapur,Inland,Medium,Monsoon,Clear,Moderate,Good,Automatic Station,33.41,25.84,70.05,4.12,1004.43,8.27,59,20.64,11.65,43.08,8.43,False,False,59.07
MET-00663,2025-12-23,Mumbai,Coastal,High,Winter,Clear,Moderate,good,Automatic Station,,21.01,76.03,0.0,1007.42,5.95,244,15.0,10.68,49.74,6.35,False,False,61.08
MET-00664,2024-03-26,Solapur,Inland,Medium,Summer,Clear,Moderate,Excellent,Automatic Station,28.45,22.38,52.43,0.0,1016.73,6.16,173,14.45,12.96,23.63,11.42,False,False,42.96
MET-00665,2024-01-14,Ratnagiri,Coastal,,Winter,Clear,Strong,Excellent,Automatic Station,30.8,23.21,55.46,0.0,1005.62,13.17,327,15.51,12.12,34.82,,False,False,67.77
MET-00666,2024-06-14,Mumbai,Coastal,High,Monsoon,Rainy,Strong,Fair,Automatic Station,36.66,30.81,86.71,80.71,1003.99,14.72,124,27.12,10.33,99.76,2.99,True,False,77.41
MET-00667,2025-11-19,Solapur,Inland,Medium,Post-Monsoon,Humid,Strong,Good,Automatic Station,24.55,16.98,82.58,0.0,1016.27,12.02,23,15.11,8.09,45.41,6.93,False,False,53.52
MET-00668,2024-08-07,Kolhapur,Inland,Medium,Monsoon,Cloudy,Moderate,Good,Automatic Station,34.5,26.64,88.44,26.08,1010.6,11.58,250,23.98,10.22,73.23,3.36,False,True,74.12
MET-00669,2025-04-06,Solapur,Inland,Medium,Summer,Clear,Moderate,Excellent,Automatic Station,30.29,26.38,51.98,0.0,1017.68,10.04,339,15.33,15.1,25.39,7.57,False,False,65.29
MET-00670,2024-04-20,Nashik,Inland,,Summer,Clear,Moderate,Fair,Automatic Station,30.9,24.47,55.5,0.0,1014.18,7.07,29,15.73,15.66,30.66,9.05,False,False,59.23
MET-00671,2025-01-22,Mumbai,Coastal,High,Winter,Clear,Moderate,Fair,Airport Station,29.04,22.96,59.4,,1006.28,6.8,346,16.83,14.77,33.02,7.53,False,False,
MET-00672,2024-03-15,Nagpur,Inland,High,Summer,Clear,Moderate,Good,Automatic Station,31.55,21.51,41.05,0.15,1014.23,11.64,227,11.43,13.73,33.34,12.18,False,False,68.57
MET-00673,2025-09-11,Aurangabad,Inland,Medium,Monsoon,Cloudy,Moderate,good,Automatic Station,27.04,24.33,91.72,36.63,1016.08,6.94,36,23.2,7.98,72.73,8.96,False,False,43.72
MET-00674,2024-07-25,Mumbai,Coastal,High,Monsoon,Humid,Moderate,Fair,Automatic Station,38.11,31.06,93.46,23.42,1003.23,11.16,49,,9.79,47.05,6.15,False,False,74.44
MET-00675,2024-08-06,Kolhapur,Inland,,Monsoon,Rainy,Moderate,Excellent,Automatic Station,32.99,26.13,64.64,162.8,1011.72,9.96,97,20.91,12.54,100.0,5.75,True,False,58.62
MET-00676,2025-08-25,Nashik,Inland,Medium,Monsoon,Humid,Moderate,Good,Automatic Station,30.02,23.27,90.95,12.75,1017.9,8.8,196,19.85,9.56,53.89,8.28,False,False,54.84
MET-00677,2024-06-08,Nashik,Inland,Medium,Monsoon,Clear,Moderate,Poor,Automatic Station,33.42,26.45,59.57,0.0,1011.04,,233,18.96,12.67,26.97,9.51,False,False,55.73
MET-00678,2025-07-14,Nashik,Inland,Medium,Monsoon,Clear,Moderate,Excellent,Automatic Station,35.27,25.82,70.19,0.0,1007.95,9.48,86,19.96,13.39,46.78,7.52,False,False,73.64
MET-00679,2024-04-18,Nashik,Inland,Medium,Summer,Clear,Calm,Good,,30.9,23.98,58.32,0.0,1014.66,2.47,105,16.66,12.58,19.05,8.88,False,False,62.48
MET-00680,2024-09-11,Ratnagiri,Coastal,Low,Monsoon,Rainy,Strong,Excellent,Automatic Station,34.72,27.13,99.0,53.44,1000.46,12.84,332,27.28,9.08,87.6,5.72,False,False,
MET-00681,2025-08-25,Ratnagiri,Coastal,Low,Monsoon,Cloudy,Moderate,Good,Automatic Station,38.39,26.25,87.1,13.41,994.09,10.46,73,25.84,7.74,75.07,7.24,False,False,72.45
MET-00682,2024-01-27,Aurangabad,Inland,Medium,Winter,Clear,Moderate,Good,Airport Station,25.11,16.67,54.22,0.0,1016.3,7.22,323,8.77,9.99,38.44,4.47,False,False,56.37
MET-00683,2025-06-27,Kolhapur,Inland,Medium,Monsoon,,Moderate,Fair,Automatic Station,33.42,29.42,70.05,6.88,1005.72,9.86,209,23.92,12.22,54.34,10.45,False,False,
MET-00684,2024-10-05,Nashik,Inland,Medium,Post-Monsoon,Clear,Moderate,Excellent,Automatic Station,26.81,20.11,79.06,0.0,1012.46,8.32,97,16.83,9.04,49.77,9.85,False,False,54.26
MET-00685,2024-12-08,Nagpur,Inland,High,,Clear,Moderate,Fair,Automatic Station,26.35,14.7,66.05,0.0,1014.14,9.82,37,8.6,9.56,46.86,4.62,False,False,56.28
MET-00686,2025-07-15,Mumbai,Coastal,High,Monsoon,Clear,Strong,Excellent,Manual Station,38.24,30.6,78.64,14.52,1002.84,15.95,271,27.13,12.33,59.84,6.56,False,False,80.13
MET-00687,2025-08-07,,Inland,Medium,,Humid,Moderate,Excellent,Automatic Station,35.03,25.39,84.23,0.0,1000.57,6.38,255,22.11,9.29,42.63,5.85,False,False,57.0
MET-00688,2025-05-13,Ratnagiri,Coastal,Low,Summer,Clear,Moderate,Good,Manual Station,38.4,28.44,74.49,,998.27,9.28,274,24.63,,44.18,6.03,False,False,70.12
MET-00689,2025-01-14,Mumbai,Coastal,High,Winter,Clear,Moderate,Excellent,Automatic Station,26.32,19.58,68.2,0.0,1015.47,10.27,147,14.37,11.85,38.94,7.68,False,False,56.67
MET-00690,2025-05-01,Aurangabad,Inland,Medium,Summer,Clear,Moderate,,,33.95,24.33,71.49,,1013.41,6.59,114,19.93,16.22,34.8,9.0,False,False,63.11
MET-00691,2024-05-05,Mumbai,Coastal,High,Summer,Clear,Moderate,Good,Automatic Station,39.91,29.86,63.04,0.0,995.29,10.98,149,24.48,13.56,35.9,8.18,False,False,86.16
MET-00692,2025-11-19,Solapur,,Medium,Post-Monsoon,Clear,Moderate,Excellent,Airport Station,27.29,17.59,57.33,1.56,1011.51,8.92,355,10.95,10.35,31.6,10.0,False,False,63.08
MET-00693,2025-03-14,Solapur,Inland,,,Clear,Moderate,good,Automatic Station,29.23,22.85,33.23,0.0,1007.11,8.15,296,8.8,13.49,10.75,11.68,False,False,56.36
MET-00694,2024-10-14,Nagpur,Inland,High,Post-Monsoon,Clear,Calm,Good,Manual Station,27.88,18.84,78.93,0.02,1010.78,3.79,210,14.93,9.72,48.01,7.18,False,False,65.42
MET-00695,2024-12-04,Pune,Inland,High,Winter,Clear,Moderate,Excellent,Manual Station,26.66,15.39,64.86,0.0,1018.05,7.81,267,9.26,13.6,54.43,,False,False,54.59
MET-00696,2024-11-14,Mumbai,,High,Post-Monsoon,Clear,Moderate,Good,Automatic Station,30.14,22.37,73.15,3.98,1008.44,9.15,228,17.58,10.02,38.96,8.66,False,False,56.61
MET-00697,2025-03-27,Nashik,Inland,Medium,Summer,Clear,Moderate,Good,Airport Station,30.76,20.41,,0.18,1015.54,6.26,223,,8.29,47.66,6.78,False,False,57.21
MET-00698,2025-06-21,Pune,Inland,High,Monsoon,Clear,Calm,Fair,Airport Station,37.0,26.43,59.68,0.0,1008.87,,353,20.1,17.54,30.52,10.68,False,False,68.9
MET-00699,2025-06-02,Kolhapur,Inland,Medium,Monsoon,,Moderate,,Automatic Station,38.94,27.36,65.98,29.61,1002.56,5.44,215,19.98,14.99,35.15,7.52,False,False,61.12
MET-00700,2025-03-29,Solapur,Inland,Medium,Summer,Clear,Moderate,Fair,,32.19,25.85,50.15,0.0,1004.35,6.75,132,16.79,16.44,25.66,10.54,False,False,64.47
MET-00701,2025-04-16,Mumbai,Coastal,High,Summer,Clear,Moderate,Excellent,Manual Station,38.51,28.47,70.0,0.0,999.53,10.12,90,22.3,9.07,38.83,10.08,False,False,74.44
MET-00702,2025-01-06,Mumbai,Coastal,High,Winter,,Moderate,Fair,Automatic Station,30.82,21.12,55.38,0.0,997.82,6.88,112,,11.39,13.51,6.74,False,False,47.94
MET-00703,2024-05-06,Mumbai,Coastal,High,Summer,Clear,Moderate,Good,Automatic Station,38.79,28.61,61.59,0.0,996.3,9.95,92,22.22,,51.79,3.59,False,False,
MET-00704,2024-07-12,Nagpur,Inland,High,Monsoon,Clear,Moderate,Good,,35.59,31.33,63.41,0.0,1001.93,7.72,321,24.36,13.48,31.72,8.92,False,False,65.23
MET-00705,2025-02-15,Nashik,Inland,Medium,Winter,Clear,Moderate,Fair,,24.65,18.76,53.13,0.0,1020.36,7.22,277,9.9,12.9,40.52,12.15,False,False,56.53
MET-00706,2024-07-24,Nashik,Inland,Medium,,Clear,Strong,Good,Manual Station,34.22,26.11,65.42,34.09,1007.69,,208,19.27,,40.87,5.72,False,False,66.13
MET-00707,2025-01-16,Solapur,Inland,Medium,Winter,Clear,Moderate,Good,Automatic Station,26.5,14.42,55.5,0.0,1012.91,9.28,119,6.67,11.49,24.02,10.59,False,False,52.98
MET-00708,2024-05-09,Aurangabad,Inland,Medium,Summer,Clear,Moderate,Fair,Manual Station,,25.4,58.93,0.0,1005.02,9.36,156,18.39,15.85,28.87,9.63,False,False,59.99
MET-00709,2025-03-12,Nagpur,Inland,High,Summer,,Moderate,Excellent,Airport Station,32.16,20.56,,,1003.56,8.77,245,13.35,11.21,47.01,6.37,False,False,78.85
MET-00710,2024-05-18,Solapur,Inland,Medium,Summer,Clear,Moderate,Excellent,Automatic Station,33.21,23.86,63.78,0.0,1004.55,9.72,49,18.13,14.19,50.07,8.11,False,False,57.5
MET-00711,2024-07-15,,Coastal,High,Monsoon,Clear,Strong,Poor,Airport Station,41.03,30.56,76.86,43.4,990.55,13.2,287,,14.2,68.77,5.12,False,False,85.32
MET-00712,2024-07-11,Mumbai,Coastal,High,Monsoon,Clear,Strong,Fair,Manual Station,37.33,31.51,80.09,31.7,997.01,13.0,82,27.48,9.06,59.43,5.52,False,False,76.15
MET-00713,2024-04-12,Ratnagiri,Coastal,Low,Summer,Clear,Moderate,Excellent,Automatic Station,34.13,26.37,53.55,4.62,,11.24,21,17.79,13.42,19.69,7.42,False,False,53.88
MET-00714,2024-07-28,Nagpur,Inland,High,Monsoon,Humid,Moderate,GOOD,Manual Station,33.22,28.58,93.86,11.22,1008.99,7.46,93,28.15,8.74,61.83,9.07,False,False,60.01
MET-00715,2025-09-29,Mumbai,Coastal,High,Monsoon,Rainy,Strong,Good,Airport Station,32.32,,99.0,63.75,1002.81,13.3,245,25.77,7.75,84.69,4.56,False,False,61.32
MET-00716,2024-05-30,Ratnagiri,COASTAL,Low,Summer,Clear,Moderate,Good,Manual Station,41.62,,60.52,1.82,996.76,8.28,38,25.22,13.3,37.58,8.81,False,False,79.37
MET-00717,2024-12-02,Ratnagiri,Coastal,Low,Winter,Humid,Moderate,,Automatic Station,24.99,19.68,88.44,1.04,1011.23,10.75,190,18.01,8.67,56.56,6.86,False,False,44.19
MET-00718,2025-05-03,Solapur,Inland,Medium,Summer,Clear,Moderate,Good,Automatic Station,35.37,25.87,51.59,0.0,1004.74,6.63,224,18.28,9.2,31.64,10.46,False,False,59.64
MET-00719,2025-08-20,Solapur,Inland,Medium,Monsoon,Cloudy,Moderate,,Manual Station,28.08,19.97,91.76,34.64,1015.24,11.35,58,17.28,9.05,81.51,8.86,False,False,54.13
MET-00720,2025-07-26,Aurangabad,Inland,Medium,Monsoon,Clear,Moderate,Fair,Automatic Station,35.56,25.85,78.39,0.0,1013.75,6.98,114,20.9,13.13,28.93,7.83,False,False,61.36
MET-00721,2024-06-03,Pune,,High,Monsoon,Clear,Moderate,Excellent,Automatic Station,,28.4,68.15,0.0,1010.99,8.94,90,23.06,12.72,19.65,11.03,False,False,63.02
MET-00722,2024-07-04,Nagpur,Inland,High,Monsoon,Clear,Moderate,Fair,Automatic Station,36.67,30.92,59.67,0.0,1008.11,9.74,344,23.59,15.25,34.0,8.19,False,False,65.55
MET-00723,2024-02-20,Aurangabad,Inland,Medium,Winter,Clear,Moderate,Excellent,Automatic Station,26.87,14.94,55.68,0.0,1011.86,,283,6.54,11.19,33.03,10.84,False,False,60.68
MET-00724,2025-05-31,Solapur,Inland,Medium,Summer,,Moderate,Good,Manual Station,36.77,29.83,59.45,1.54,1000.25,9.19,243,,14.6,44.82,7.66,False,False,69.94
MET-00725,2024-01-01,Nagpur,Inland,High,Winter,Clear,Moderate,,Automatic Station,28.57,15.42,53.05,0.0,1017.96,6.55,205,6.18,13.47,36.74,6.85,False,False,63.5
MET-00726,2024-02-11,Mumbai,Coastal,High,Winter,Clear,Moderate,Excellent,Automatic Station,32.08,21.97,59.71,0.0,1006.29,10.23,299,14.28,7.21,43.48,9.68,False,False,65.07
MET-00727,2025-06-21,Kolhapur,Inland,Medium,Monsoon,Clear,Strong,Good,Automatic Station,35.31,27.19,61.17,17.2,1012.11,12.87,241,20.95,12.27,47.35,9.08,False,False,67.46
MET-00728,2025-10-31,Solapur,Inland,Medium,Post-Monsoon,Clear,Moderate,Good,Manual Station,27.09,18.29,,0.0,1014.61,8.56,67,13.6,12.33,39.48,5.26,False,False,60.95
MET-00729,2024-01-31,Pune,Inland,High,Winter,Clear,Moderate,Excellent,,24.96,17.4,66.03,0.0,1018.63,8.1,215,11.1,13.07,37.24,8.31,False,False,46.19
MET-00730,2025-08-04,Nagpur,Inland,High,Monsoon,Humid,Moderate,Good,Airport Station,34.51,24.48,82.47,30.45,1005.17,10.4,210,20.83,8.41,54.13,,False,False,64.47
MET-00731,2025-12-19,Nagpur,Inland,High,Winter,Clear,Moderate,Poor,Automatic Station,21.81,18.33,77.28,0.0,1020.98,7.95,243,15.68,9.49,47.0,5.73,False,False,46.54
MET-00732,2025-04-28,Ratnagiri,,Low,Summer,Clear,Moderate,Excellent,Automatic Station,,26.94,61.84,0.0,998.11,10.42,41,19.28,15.74,34.8,10.35,False,False,59.55
MET-00733,2024-07-03,Nashik,Inland,Medium,Monsoon,Clear,Moderate,Good,Airport Station,33.65,29.15,75.51,0.0,1010.86,10.88,326,25.06,10.55,50.33,4.51,False,False,76.9
MET-00734,2025-11-19,Aurangabad,Inland,Medium,Post-Monsoon,Humid,Moderate,Fair,Manual Station,23.13,16.85,82.84,0.0,1020.92,6.11,182,11.81,12.57,64.11,8.9,False,False,59.63
MET-00735,2024-10-11,Nagpur,Inland,High,Post-Monsoon,Clear,Moderate,Good,Airport Station,,22.68,80.41,0.0,1011.84,9.28,220,19.04,,69.59,6.83,False,False,66.67
MET-00736,2024-09-27,Mumbai,Coastal,High,Monsoon,Cloudy,Moderate,Good,Automatic Station,32.55,25.98,85.81,2.93,1008.3,8.31,277,22.54,10.42,73.71,6.05,False,False,70.5
MET-00737,2025-11-17,Mumbai,Coastal,High,Post-Monsoon,Humid,Moderate,Excellent,Automatic Station,28.57,21.16,82.93,4.2,1006.54,7.81,169,18.49,11.76,40.55,4.81,False,False,59.23
MET-00738,2024-01-19,Solapur,Inland,Medium,Winter,Clear,Moderate,Excellent,Automatic Station,25.41,15.76,60.39,0.7,1011.07,9.34,281,7.37,12.14,31.57,10.78,False,False,47.59
MET-00739,2024-07-06,Ratnagiri,Coastal,Low,Monsoon,Clear,Strong,Good,Manual Station,39.21,30.3,79.84,28.2,997.04,13.57,69,26.73,10.34,,8.34,False,False,72.6
MET-00740,2024-05-04,Solapur,Inland,Medium,Summer,Clear,Moderate,Excellent,Manual Station,,26.51,61.34,1.96,1008.79,7.59,252,20.57,14.28,26.51,7.13,False,False,64.54
MET-00741,2024-11-11,Kolhapur,Inland,Medium,Post-Monsoon,Clear,Moderate,Excellent,Manual Station,26.57,16.55,74.66,0.01,1012.46,9.37,196,,8.3,57.09,6.47,False,False,51.05
MET-00742,2024-12-30,Ratnagiri,Coastal,Low,Winter,Clear,Moderate,Fair,Automatic Station,28.14,19.76,76.87,0.0,1006.05,5.91,242,15.87,10.94,50.87,8.08,False,False,49.14
MET-00743,2024-06-09,Ratnagiri,Coastal,Low,,Rainy,Strong,Good,Automatic Station,39.16,32.01,64.93,49.54,990.72,13.84,79,25.76,12.18,68.25,3.48,False,False,83.61
MET-00744,2024-05-04,Mumbai,,High,Summer,Clear,Strong,Excellent,Manual Station,39.26,28.82,54.84,0.0,997.15,15.27,342,20.67,14.67,43.58,6.48,False,False,82.22
MET-00745,2024-02-20,,Inland,Medium,Winter,Clear,Moderate,Good,Airport Station,26.9,17.76,43.41,0.0,1011.72,6.89,269,7.89,13.77,48.63,9.87,False,False,62.77
MET-00746,2024-01-24,Mumbai,Coastal,High,Winter,Clear,Moderate,Excellent,Automatic Station,29.83,21.63,59.7,0.0,1006.85,9.23,358,,11.9,27.19,8.39,False,False,55.26
MET-00747,2024-09-21,Solapur,Inland,Medium,Monsoon,Humid,Moderate,Fair,Automatic Station,29.62,22.96,86.05,19.86,1014.06,8.25,243,20.38,9.11,51.06,9.08,False,False,48.74
MET-00748,2024-03-14,Aurangabad,Inland,Medium,Summer,Clear,Moderate,Good,Manual Station,27.83,19.22,46.38,2.67,1009.34,9.06,70,10.66,12.24,25.31,11.31,False,False,48.22
MET-00749,2025-12-30,Nagpur,Inland,High,Winter,Clear,Moderate,Good,Automatic Station,24.74,,62.89,0.0,1013.75,7.78,203,9.16,10.67,50.78,7.55,False,False,52.84
MET-00750,2024-06-06,Ratnagiri,Coastal,Low,Monsoon,Clear,Moderate,Good,Automatic Station,34.66,,76.25,24.61,1000.35,10.25,161,27.26,,54.29,7.36,False,False,64.03
MET-00751,2024-01-26,Aurangabad,Inland,Medium,Winter,Clear,Moderate,Poor,Automatic Station,22.11,17.15,63.73,0.0,1026.13,8.26,86,9.78,11.31,29.44,,False,False,51.62
MET-00752,2024-12-15,Nagpur,,High,Winter,Clear,Moderate,Good,Automatic Station,26.02,21.85,70.01,0.0,1011.67,8.27,254,15.46,7.88,50.1,9.07,False,False,54.93
MET-00753,2024-10-18,Nashik,Inland,Medium,Post-Monsoon,Clear,Moderate,Fair,Automatic Station,29.22,17.02,78.74,,1010.35,10.73,19,12.01,12.68,59.49,7.77,False,False,66.83
MET-00754,2025-08-24,Nagpur,Inland,High,Monsoon,Rainy,Moderate,Good,Airport Station,34.77,25.0,72.93,61.44,1000.05,9.19,30,20.05,10.82,86.96,3.89,False,False,82.88
MET-00755,2025-08-23,Kolhapur,Inland,Medium,Monsoon,Humid,Moderate,Fair,Manual Station,33.22,22.98,85.36,0.89,1010.42,9.6,289,20.17,11.33,61.76,8.52,False,False,63.24
MET-00756,2024-08-28,Mumbai,COASTAL,High,Monsoon,Clear,Strong,Good,,33.5,25.25,78.28,,1007.9,12.09,238,19.17,,66.52,8.79,False,False,68.72
MET-00757,2024-08-31,Kolhapur,Inland,Medium,Monsoon,rainy,Calm,Excellent,Automatic Station,32.04,24.58,82.84,46.53,1017.73,3.75,132,22.78,7.47,91.1,6.78,False,False,64.45
MET-00758,2025-02-14,Mumbai,Coastal,High,Winter,Clear,Moderate,Excellent,Manual Station,30.76,24.29,62.76,0.0,1001.96,9.15,227,17.34,12.94,28.45,8.37,False,False,64.71
MET-00759,2025-09-19,Ratnagiri,Coastal,Low,Monsoon,Humid,Moderate,Good,Automatic Station,32.51,23.28,85.98,22.91,1001.06,8.43,197,20.66,13.01,48.52,3.61,False,False,
MET-00760,2024-12-05,,Inland,Medium,Winter,Clear,Moderate,Good,Automatic Station,24.68,14.97,67.18,0.47,1017.81,7.42,58,9.04,10.35,41.35,5.9,False,False,54.32
MET-00761,2025-01-28,Nashik,Inland,Medium,Winter,Clear,Moderate,Good,Automatic Station,25.32,15.39,60.23,0.0,1016.39,6.31,344,7.41,16.0,14.15,,False,False,46.41
MET-00762,2025-04-19,Solapur,Inland,Medium,Summer,Clear,Moderate,Excellent,Manual Station,34.84,23.92,52.84,0.0,1009.73,8.77,244,15.3,13.81,33.93,10.22,False,False,
MET-00763,2025-12-27,Nashik,Inland,Medium,,Clear,Strong,Fair,Automatic Station,24.24,,60.68,0.11,1026.55,13.61,316,9.93,11.38,37.72,6.05,False,False,62.41
MET-00764,2024-01-25,Mumbai,,High,Winter,Clear,Moderate,Excellent,Automatic Station,28.25,18.89,71.63,0.0,1013.04,9.1,46,12.96,11.91,55.27,7.98,False,False,64.56
MET-00765,2024-11-17,Mumbai,Coastal,High,Post-Monsoon,Clear,Moderate,Good,Automatic Station,28.35,21.19,79.46,4.0,1009.71,9.84,166,16.06,11.85,58.33,,False,False,56.95
MET-00766,2025-11-22,Mumbai,Coastal,High,Post-Monsoon,Clear,Moderate,Excellent,,26.35,20.95,79.44,0.0,1004.23,9.2,310,16.61,7.96,46.59,8.64,False,False,54.8
MET-00767,2024-07-06,Mumbai,Coastal,High,Monsoon,Clear,Strong,,Automatic Station,37.28,29.1,80.26,0.0,996.31,14.81,155,24.34,,58.01,8.29,False,False,79.18
MET-00768,2025-08-31,,Inland,Medium,Monsoon,Clear,Moderate,Fair,Automatic Station,29.21,23.03,73.22,0.0,1010.78,5.85,351,18.19,14.89,,9.38,False,False,50.89
MET-00769,2024-12-25,Kolhapur,Inland,Medium,Winter,,Moderate,Good,Manual Station,24.25,15.7,58.41,0.0,1028.15,5.11,268,9.17,14.07,42.32,7.77,False,False,57.52
MET-00770,2024-06-09,Mumbai,COASTAL,High,Monsoon,Cloudy,Strong,Good,Manual Station,39.57,30.62,70.63,42.98,,15.47,153,26.91,12.13,,7.45,False,False,68.8
MET-00771,2025-04-02,Kolhapur,Inland,Medium,Summer,Clear,Moderate,Fair,Automatic Station,33.31,,43.71,0.0,1005.67,,106,13.12,14.17,27.41,8.49,False,False,60.03
MET-00772,2025-02-04,Mumbai,Coastal,High,Winter,Clear,Moderate,Fair,,30.57,22.56,65.19,0.0,1015.8,11.63,159,16.85,,37.75,7.74,False,False,61.99
MET-00773,2024-05-13,Kolhapur,Inland,Medium,Summer,,Moderate,Good,Manual Station,33.27,27.86,69.24,0.0,1008.03,7.01,216,22.38,12.85,48.0,8.71,False,False,55.47
MET-00774,2025-02-27,Aurangabad,Inland,Medium,Winter,Clear,Calm,Good,Automatic Station,24.57,,62.27,0.0,,3.16,53,11.98,12.96,35.66,4.08,False,False,51.81
MET-00775,2024-04-16,Mumbai,Coastal,High,Summer,Clear,Strong,Good,Automatic Station,37.15,26.47,54.91,0.0,995.63,14.21,269,17.02,17.34,25.69,12.85,False,False,71.25
MET-00776,2025-11-16,Kolhapur,Inland,,Post-Monsoon,Clear,Moderate,Fair,Manual Station,21.73,15.52,67.03,0.0,1019.97,7.91,240,9.26,12.33,47.38,5.91,False,False,48.06
MET-00777,2025-06-03,Nashik,Inland,Medium,Monsoon,Clear,Strong,Excellent,Automatic Station,36.99,25.63,71.94,17.22,1016.75,15.15,102,20.69,10.36,58.54,4.94,False,False,74.23
MET-00778,2024-10-16,Solapur,Inland,Medium,Post-Monsoon,Clear,Moderate,Fair,Airport Station,26.89,19.5,73.93,0.0,1013.98,5.28,337,15.28,10.85,51.15,6.98,False,False,55.69
MET-00779,2025-02-07,Mumbai,Coastal,High,Winter,Clear,Strong,Good,Automatic Station,30.11,23.16,55.34,0.29,1007.09,13.42,227,14.53,13.6,33.54,,False,False,63.95
MET-00780,2024-09-13,Pune,Inland,High,Monsoon,Rainy,Strong,Good,Airport Station,29.78,23.35,93.99,,1011.65,12.69,331,23.45,13.66,70.67,5.97,False,False,67.56
MET-00781,2024-02-26,Mumbai,Coastal,High,Winter,Clear,Strong,Fair,Automatic Station,34.09,27.01,58.75,0.0,1003.64,13.84,100,20.61,9.82,,7.75,False,False,78.99
MET-00782,2025-03-11,Mumbai,Coastal,High,Summer,Clear,Moderate,Excellent,Automatic Station,31.19,25.45,78.44,4.73,999.35,7.99,223,21.45,11.83,,8.93,False,False,62.06
MET-00783,2025-05-07,Mumbai,Coastal,,Summer,Clear,Moderate,Good,Manual Station,39.47,27.82,57.55,0.0,999.56,7.16,6,22.44,12.61,33.63,10.13,False,False,
MET-00784,2024-01-11,Mumbai,Coastal,High,Winter,Clear,Moderate,Excellent,Manual Station,29.76,19.32,61.52,0.0,1004.56,7.12,345,13.85,13.08,26.49,10.73,False,False,42.53
MET-00785,2025-07-22,Solapur,Inland,Medium,Monsoon,Humid,Moderate,GOOD,Automatic Station,,28.58,89.44,21.68,1009.64,8.14,163,27.67,7.72,64.15,4.14,False,False,62.61
MET-00786,2025-06-06,Nashik,Inland,Medium,Monsoon,Clear,Moderate,,Automatic Station,35.31,25.14,67.09,,1005.5,10.94,347,17.77,13.41,55.26,7.16,False,False,74.76
MET-00787,2025-06-09,Nagpur,Inland,High,Monsoon,Clear,Moderate,Good,Automatic Station,37.73,25.77,68.31,13.63,1006.05,11.96,79,20.17,8.34,38.75,7.54,False,False,67.17
MET-00788,2025-09-03,Nagpur,Inland,High,Monsoon,Cloudy,Moderate,Excellent,Manual Station,33.45,23.0,89.8,19.54,1001.76,8.25,52,22.03,9.01,78.18,4.67,False,False,68.83
MET-00789,2024-01-03,Aurangabad,Inland,Medium,Winter,Clear,Moderate,Good,Automatic Station,28.35,17.12,70.1,0.0,1013.74,8.35,98,10.82,10.19,50.29,9.36,False,False,64.92
MET-00790,2024-11-09,Pune,Inland,,Post-Monsoon,Clear,Moderate,Good,Automatic Station,27.02,18.04,79.23,0.42,1019.92,6.08,342,13.69,9.07,63.67,6.56,False,False,56.4
MET-00791,2025-11-20,Mumbai,Coastal,High,Post-Monsoon,Humid,Calm,Excellent,Automatic Station,30.09,19.98,86.95,0.72,1012.44,2.9,81,17.97,11.57,57.85,10.52,False,False,56.46
MET-00792,2025-06-07,Aurangabad,Inland,Medium,Monsoon,Clear,Moderate,Excellent,Automatic Station,34.05,28.05,67.43,13.46,1013.45,9.99,297,21.96,14.28,35.9,5.61,False,False,70.69
MET-00793,2024-05-20,Mumbai,Coastal,High,Summer,Clear,Moderate,Excellent,Airport Station,38.65,30.02,63.79,0.0,1001.4,7.91,127,24.07,11.22,32.26,9.3,False,False,68.48
MET-00794,2024-12-20,Aurangabad,Inland,Medium,Winter,,Calm,Poor,Automatic Station,25.58,14.58,62.35,0.0,1007.05,3.09,67,7.71,12.18,39.04,,False,False,53.96
MET-00795,2024-10-25,Mumbai,Coastal,High,Post-Monsoon,Humid,Moderate,Good,Manual Station,29.72,20.69,85.95,1.43,1000.72,10.35,326,19.93,11.11,50.24,4.53,False,False,57.88
MET-00796,2025-08-20,Nashik,Inland,Medium,Monsoon,Humid,Moderate,Good,Airport Station,30.04,23.69,82.41,,1008.3,,103,19.57,11.82,61.0,6.32,False,False,53.45
MET-00797,2025-04-07,Kolhapur,Inland,Medium,Summer,Clear,Calm,Fair,Manual Station,30.66,21.11,,0.0,1013.14,4.76,302,13.76,10.99,46.04,8.72,False,False,60.92
MET-00798,2024-11-09,Nagpur,,High,Post-Monsoon,Clear,Moderate,Fair,Automatic Station,25.59,18.0,75.13,0.0,1012.04,8.0,354,12.56,10.82,57.94,6.99,False,False,57.85
MET-00799,2025-08-03,Ratnagiri,Coastal,Low,Monsoon,Cloudy,Moderate,Poor,Airport Station,40.94,31.88,88.31,,991.91,6.06,195,29.83,9.24,79.51,7.21,False,False,66.5
MET-00800,2025-07-18,Kolhapur,,Medium,Monsoon,Clear,Moderate,Poor,Manual Station,32.15,27.73,72.28,0.66,1016.7,7.61,218,22.54,14.52,44.71,4.25,False,False,66.39
MET-00801,2025-06-19,Nagpur,Inland,High,Monsoon,Clear,Moderate,Good,Automatic Station,36.94,26.92,67.19,36.82,1002.7,10.62,28,21.14,11.62,65.9,5.68,False,False,84.81
MET-00802,2025-01-20,Mumbai,Coastal,High,Winter,Clear,Moderate,Good,Automatic Station,29.23,22.23,63.75,0.0,1004.9,10.15,284,15.71,11.42,46.07,10.59,False,False,55.38
MET-00803,2024-09-03,Nagpur,Inland,High,,Clear,Moderate,Excellent,Automatic Station,31.4,21.91,73.6,0.0,,9.19,310,17.28,7.74,62.08,6.56,False,False,71.12
MET-00804,2024-05-14,Nashik,Inland,Medium,Summer,Clear,Moderate,Fair,Automatic Station,35.95,25.37,52.17,0.0,1011.13,6.74,172,,17.9,36.21,7.55,False,False,74.31
MET-00805,2025-04-14,Aurangabad,Inland,Medium,Summer,Clear,Calm,Good,Manual Station,29.39,23.94,62.01,0.0,1020.82,4.82,121,16.74,10.73,58.91,9.27,False,False,50.92
MET-00806,2025-02-04,Nagpur,Inland,High,Winter,Clear,Moderate,Excellent,Airport Station,29.28,19.26,54.95,0.0,1010.11,8.26,287,12.46,9.59,48.26,8.5,False,False,
MET-00807,2025-05-08,Pune,Inland,High,Summer,Clear,Calm,Good,,33.5,25.72,58.71,0.0,1010.32,4.81,322,18.18,13.12,29.32,7.61,False,False,63.14
MET-00808,2024-11-11,Mumbai,Coastal,High,Post-Monsoon,,Strong,Good,Automatic Station,30.85,,81.68,0.0,1003.79,12.6,196,,10.6,34.43,8.9,False,False,59.56
MET-00809,2024-05-24,Nashik,Inland,Medium,Summer,Clear,Moderate,Excellent,Automatic Station,32.07,,78.93,16.5,1014.85,6.11,319,22.57,12.76,53.45,6.27,False,False,56.14
MET-00810,2025-01-01,Mumbai,Coastal,High,Winter,Clear,Moderate,Excellent,Automatic Station,26.13,22.54,67.41,3.48,1007.69,11.01,96,15.06,11.15,44.21,7.18,False,False,58.72
MET-00811,2025-07-17,Nashik,Inland,Medium,Monsoon,Humid,Strong,Poor,Automatic Station,36.04,25.51,87.39,15.95,1019.72,12.52,58,23.98,14.57,50.46,9.68,False,False,71.07
MET-00812,2024-01-25,Nashik,Inland,Medium,Winter,Clear,Moderate,Poor,Manual Station,23.79,,64.81,0.0,1012.4,6.66,162,10.85,13.16,32.5,7.8,False,False,50.9
MET-00813,2024-11-13,Kolhapur,Inland,Medium,Post-Monsoon,Clear,Moderate,Excellent,Automatic Station,23.62,14.4,78.61,0.0,1023.47,7.85,156,10.41,8.41,67.56,5.83,False,False,54.4
MET-00814,2024-01-11,Pune,Inland,High,Winter,Clear,Moderate,,Automatic Station,28.84,16.21,42.11,0.0,1014.98,8.09,50,6.55,15.14,28.65,10.79,False,False,62.23
MET-00815,2024-01-15,Mumbai,Coastal,High,Winter,Clear,Moderate,Good,Automatic Station,27.85,17.98,60.3,0.81,1008.47,6.21,26,10.3,16.52,43.07,,False,False,58.6
MET-00816,2025-02-13,Kolhapur,Inland,Medium,Winter,,Moderate,Good,Automatic Station,25.57,17.33,54.75,0.0,1019.55,9.64,324,9.13,9.99,47.28,8.49,False,False,66.12
MET-00817,2024-02-04,Kolhapur,Inland,Medium,Winter,Clear,Moderate,Poor,Automatic Station,24.5,17.32,53.59,,,6.41,136,11.17,12.6,57.14,7.72,False,False,57.66
MET-00818,2025-07-23,Solapur,,Medium,Monsoon,Clear,Moderate,Excellent,,37.8,25.07,76.67,,,9.83,172,21.43,13.82,64.42,4.22,False,False,80.32
MET-00819,2024-10-21,Pune,Inland,,Post-Monsoon,Clear,Calm,Good,Automatic Station,25.49,18.52,,0.0,1017.15,,319,14.05,13.3,38.41,5.93,False,False,53.11
MET-00820,2025-03-11,Pune,Inland,High,Summer,Clear,Moderate,Fair,Manual Station,30.86,21.19,46.21,0.0,1019.47,8.12,336,11.52,10.78,26.98,9.95,False,False,64.85
MET-00821,2025-06-09,Mumbai,Coastal,High,Monsoon,Clear,Moderate,Excellent,Manual Station,41.41,32.61,68.73,23.8,997.7,8.87,18,26.12,12.9,55.92,7.94,False,False,62.28
MET-00822,2024-01-22,Mumbai,Coastal,High,Winter,Clear,Moderate,Excellent,Automatic Station,29.88,18.79,60.25,0.0,996.7,10.25,337,12.56,12.63,35.98,8.21,False,False,63.94
MET-00823,2024-08-19,Nashik,,Medium,Monsoon,Rainy,Moderate,Poor,Automatic Station,29.5,21.83,94.55,78.0,1018.7,9.72,270,21.62,8.02,100.0,2.31,True,True,
MET-00824,2025-10-22,Aurangabad,Inland,Medium,Post-Monsoon,Clear,Moderate,Excellent,Airport Station,27.62,19.43,73.74,0.0,1012.78,5.4,48,16.91,14.51,46.41,11.94,False,False,54.3
MET-00825,2025-04-02,Kolhapur,Inland,,Summer,Clear,Moderate,Good,Automatic Station,29.34,21.31,57.97,0.0,1015.42,,48,14.95,15.18,34.21,11.24,False,False,60.81
MET-00826,2025-04-09,,Inland,Medium,Summer,Clear,Calm,,Automatic Station,33.43,23.73,49.89,0.0,1012.96,4.07,318,13.22,17.28,21.52,9.59,False,False,62.58
MET-00827,2024-10-04,,Inland,High,Post-Monsoon,Humid,Calm,Good,Manual Station,26.16,20.41,85.49,0.0,1021.51,4.87,270,17.77,7.33,60.44,9.06,False,False,58.99
MET-00828,2025-04-01,Mumbai,Coastal,High,Summer,Clear,Moderate,Good,,35.1,28.08,55.68,0.0,999.88,10.08,65,19.83,14.1,42.04,6.02,False,False,78.75
MET-00829,2024-06-10,Nagpur,Inland,High,Monsoon,Clear,Moderate,Good,Automatic Station,38.32,31.2,58.89,13.84,,10.58,151,24.08,17.27,25.16,10.15,False,False,59.2
MET-00830,2024-03-02,Nagpur,Inland,High,Summer,Clear,Moderate,Good,Automatic Station,31.23,21.36,52.11,0.0,999.5,7.26,84,12.29,13.83,27.08,10.67,False,False,58.19
MET-00831,2025-02-14,Solapur,Inland,Medium,Winter,Clear,Moderate,Fair,Automatic Station,30.22,18.82,40.24,0.0,1013.77,9.93,211,8.25,13.2,18.39,10.02,False,False,61.65
MET-00832,2025-08-29,Ratnagiri,Coastal,Low,Monsoon,Humid,Moderate,Excellent,Automatic Station,35.87,25.41,82.21,0.0,1007.0,38.73,160,23.15,11.0,35.64,8.83,False,False,57.92
MET-00833,2024-06-21,Mumbai,Coastal,High,Monsoon,Clear,Moderate,Good,,,29.5,61.01,7.78,990.72,9.67,109,23.84,,31.73,9.39,False,False,73.75
MET-00834,2024-05-23,Nagpur,Inland,High,Summer,,Moderate,Excellent,Automatic Station,33.54,28.4,52.09,0.6,1002.38,6.31,38,19.72,15.74,29.93,9.39,False,False,62.8
MET-00835,2025-08-11,Pune,Inland,High,Monsoon,Clear,Moderate,Good,Manual Station,30.81,27.66,76.61,5.94,1014.28,8.89,276,23.31,11.08,54.65,7.5,False,False,68.61
MET-00836,2024-05-18,Nashik,Inland,Medium,Summer,Clear,Moderate,Fair,Automatic Station,34.64,26.35,56.33,0.0,1012.13,6.81,104,17.31,18.97,25.3,8.12,False,False,61.82
MET-00837,2024-01-30,Mumbai,Coastal,High,Winter,Clear,Moderate,Excellent,Airport Station,25.09,23.26,59.54,5.01,1009.26,5.13,6,16.88,9.06,41.72,6.23,False,False,59.03
MET-00838,2024-05-15,Mumbai,Coastal,High,Summer,Clear,Moderate,Good,Automatic Station,38.89,30.63,56.11,5.73,995.11,11.39,229,22.11,14.7,,8.44,False,False,
MET-00839,2024-11-08,Mumbai,Coastal,High,Post-Monsoon,Humid,Moderate,Good,Automatic Station,31.1,21.49,84.7,0.0,1007.51,10.32,314,18.25,10.29,53.07,4.65,False,False,77.99
MET-00840,2024-03-26,Nashik,Inland,,Summer,Clear,Moderate,Good,Airport Station,29.99,24.63,71.1,0.0,1017.3,6.11,104,19.06,13.02,45.8,7.88,False,False,54.83
MET-00841,2025-10-13,Mumbai,Coastal,High,Post-Monsoon,Humid,Strong,Good,Manual Station,32.4,24.9,88.9,0.0,1005.61,13.3,230,22.93,11.96,49.9,6.02,False,False,69.78
MET-00842,2024-02-14,Ratnagiri,Coastal,,Winter,Clear,Moderate,Good,Manual Station,32.27,20.22,59.48,0.0,1007.8,8.36,125,13.11,11.32,40.14,12.75,False,False,49.03
MET-00843,2025-02-08,Pune,Inland,High,Winter,Clear,Moderate,Excellent,Manual Station,26.61,14.85,37.24,0.0,1016.04,6.75,193,5.0,16.57,12.21,8.65,False,False,59.68
MET-00844,2024-03-23,Pune,Inland,High,Summer,Clear,Moderate,Excellent,Automatic Station,32.07,21.75,52.04,0.0,1011.23,7.48,7,11.95,11.55,39.24,8.44,False,False,60.94
MET-00845,2024-02-12,Nagpur,Inland,High,Winter,Clear,Moderate,Good,Manual Station,29.11,17.74,55.59,0.0,1011.66,6.05,341,9.23,13.57,33.61,,False,False,57.18
MET-00846,2025-04-11,Solapur,Inland,Medium,Summer,Clear,Calm,Excellent,Manual Station,33.4,20.61,55.31,0.0,1019.03,3.76,118,13.02,11.1,40.53,8.44,False,False,70.8
MET-00847,2024-03-31,Pune,Inland,,Summer,Clear,Moderate,Excellent,Manual Station,29.31,21.06,,0.0,1014.76,7.83,307,13.91,11.18,41.1,10.43,False,False,53.5
MET-00848,2025-03-25,Kolhapur,Inland,Medium,Summer,Clear,Moderate,Excellent,Automatic Station,27.21,22.55,64.02,2.33,1015.29,10.14,189,15.28,12.18,34.69,10.8,False,False,63.43
MET-00849,2025-09-19,Mumbai,Coastal,High,Monsoon,Humid,Moderate,Excellent,Airport Station,33.39,25.43,88.53,40.32,999.5,11.38,11,23.69,12.61,70.63,4.98,False,False,70.99
MET-00850,2024-07-27,Nagpur,Inland,High,Monsoon,Clear,Moderate,Fair,Manual Station,35.77,29.63,68.31,20.22,1004.64,10.41,91,24.61,9.79,68.25,7.92,False,False,71.15
MET-00851,2025-07-02,Ratnagiri,Coastal,Low,Monsoon,Clear,Moderate,Fair,Automatic Station,40.09,33.87,71.9,0.0,1000.17,11.54,237,29.21,8.22,41.23,10.97,False,False,67.94
MET-00852,2024-01-29,Aurangabad,Inland,Medium,Winter,Clear,Moderate,Excellent,Automatic Station,23.87,15.39,54.84,0.0,1018.49,11.48,255,7.07,9.82,45.7,8.52,False,False,
MET-00853,2024-09-10,Pune,Inland,High,Monsoon,Humid,Moderate,Good,Automatic Station,31.68,22.61,82.8,4.27,1021.02,11.62,212,20.15,9.59,,9.18,False,False,61.24
MET-00854,2024-01-27,,Inland,Medium,Winter,Clear,Strong,Good,Automatic Station,26.16,17.04,61.29,0.0,1016.8,13.41,267,9.85,10.75,46.02,3.76,False,False,66.94
MET-00855,2024-07-18,Mumbai,Coastal,High,Monsoon,Clear,Strong,Good,Automatic Station,39.98,27.38,78.08,0.0,1005.12,12.27,105,23.88,9.31,55.49,5.45,False,False,75.95
MET-00856,2025-03-09,Mumbai,Coastal,High,Summer,Clear,Moderate,Good,Automatic Station,32.89,24.3,65.17,0.0,1009.09,10.34,145,19.54,12.01,32.31,11.45,False,False,54.76
MET-00857,2024-01-13,Mumbai,Coastal,High,,Clear,Moderate,Fair,Automatic Station,27.5,22.66,68.25,0.0,1008.19,11.1,162,17.28,10.86,53.46,7.86,False,False,
MET-00858,2024-05-27,Nagpur,Inland,High,Summer,Clear,Calm,Excellent,Manual Station,36.34,31.37,55.04,0.0,998.69,4.07,195,23.0,13.77,15.03,,False,False,64.34
MET-00859,2025-10-28,Nashik,Inland,Medium,Post-Monsoon,Humid,Moderate,Good,Manual Station,24.22,19.09,87.07,0.0,1022.92,9.09,110,16.33,9.36,50.26,7.28,False,False,37.15
MET-00860,2025-02-16,Solapur,Inland,Medium,Winter,Clear,Strong,Good,Manual Station,24.95,19.21,62.07,0.88,1017.49,12.62,244,13.41,11.23,39.71,8.18,False,False,44.21
MET-00861,2025-04-17,Nashik,Inland,Medium,,Clear,Moderate,Good,Automatic Station,31.05,23.94,62.55,0.0,1009.1,5.0,196,16.77,9.63,29.7,9.22,False,False,62.4
MET-00862,2025-08-16,Nashik,Inland,Medium,Monsoon,Humid,Moderate,Good,,34.32,23.81,92.07,0.35,1012.64,9.19,13,22.82,10.76,50.06,10.17,False,False,71.69
MET-00863,2024-08-27,Mumbai,Coastal,High,Monsoon,Humid,Strong,,Manual Station,36.11,28.43,87.29,12.35,998.02,12.65,310,26.88,7.44,51.94,5.71,False,False,72.15
MET-00864,2025-02-17,Nagpur,Inland,High,Winter,Clear,Moderate,Excellent,Automatic Station,25.89,19.99,66.9,0.0,1013.01,6.84,321,13.75,12.29,35.3,10.9,False,False,48.69
MET-00865,2024-09-14,Kolhapur,Inland,Medium,Monsoon,Humid,Moderate,Excellent,Automatic Station,29.16,23.2,,0.0,1016.28,10.2,214,20.33,11.36,53.35,10.01,False,False,58.18
MET-00866,2024-12-18,Nashik,Inland,Medium,,Clear,Moderate,Good,Automatic Station,25.73,16.36,56.64,0.0,1020.52,6.46,120,9.57,12.19,48.97,9.03,False,False,52.03
MET-00867,2025-06-26,Mumbai,Coastal,High,Monsoon,,Strong,Good,Automatic Station,41.17,30.94,84.63,10.85,995.04,14.35,77,28.7,8.65,41.74,10.21,False,False,74.43
MET-00868,2025-06-12,Pune,Inland,High,Monsoon,Clear,Moderate,Good,Automatic Station,,26.69,64.15,0.0,1011.16,8.23,179,19.71,13.62,31.31,8.82,False,False,69.66
MET-00869,2025-04-11,Kolhapur,Inland,Medium,Summer,Clear,Moderate,Fair,Manual Station,,22.15,59.69,0.0,1012.11,6.59,84,14.69,13.88,15.86,7.4,False,False,43.24
MET-00870,2024-04-14,Ratnagiri,Coastal,Low,Summer,Clear,Moderate,,Manual Station,37.71,26.65,46.5,0.0,996.56,8.09,356,17.62,14.14,44.43,9.2,False,False,65.73
MET-00871,2025-08-14,Mumbai,,High,Monsoon,Humid,Moderate,Good,Automatic Station,35.46,29.3,83.97,13.99,1007.81,9.41,249,25.1,10.52,68.14,7.84,False,False,64.66
MET-00872,2024-07-26,Ratnagiri,Coastal,Low,Monsoon,,Moderate,Excellent,Automatic Station,37.44,30.17,,0.0,1002.88,10.64,112,25.54,14.33,29.75,8.51,False,False,68.25
MET-00873,2024-04-28,Aurangabad,Inland,Medium,Summer,Clear,Moderate,Excellent,Automatic Station,33.0,25.2,55.86,0.0,1017.75,10.98,10,17.61,12.46,36.32,7.45,False,False,57.73
MET-00874,2025-08-23,Aurangabad,Inland,Medium,Monsoon,Humid,Moderate,Excellent,Automatic Station,30.88,24.94,91.03,,,8.82,197,22.48,8.31,64.76,8.03,False,False,63.45
MET-00875,2024-12-06,Aurangabad,Inland,Medium,Winter,Clear,Moderate,Good,Automatic Station,23.86,17.88,68.27,0.0,1020.55,9.45,150,13.08,11.32,31.05,12.36,False,False,43.51
MET-00876,2025-10-18,Mumbai,COASTAL,,Post-Monsoon,Humid,Moderate,Excellent,Automatic Station,34.51,22.48,90.72,0.0,1006.46,7.78,297,20.42,8.29,48.65,7.51,False,False,63.97
MET-00877,2024-10-06,Nagpur,Inland,High,Post-Monsoon,Humid,Moderate,Excellent,Automatic Station,31.49,,85.33,0.79,1011.57,6.05,326,18.57,9.19,48.2,7.53,False,False,60.0
MET-00878,2024-06-03,Pune,Inland,High,Monsoon,Clear,Moderate,Excellent,Manual Station,37.33,26.8,54.22,19.12,1038.0,8.49,234,17.05,13.57,53.74,6.27,False,False,66.98
MET-00879,2024-01-03,Nagpur,Inland,High,Winter,Clear,Moderate,Excellent,Automatic Station,26.3,17.47,52.79,0.0,1013.42,7.51,28,9.3,14.03,35.64,9.08,False,False,50.53
MET-00880,2024-09-05,Mumbai,,,Monsoon,,Strong,Good,Airport Station,34.71,,92.01,5.77,992.85,13.16,66,23.34,14.07,51.14,6.28,False,False,71.36
MET-00881,2025-10-08,Mumbai,Coastal,High,Post-Monsoon,Clear,Moderate,,Automatic Station,32.21,23.82,74.97,0.0,,10.52,343,19.96,15.35,33.41,8.2,False,False,59.79
MET-00882,2024-12-11,Ratnagiri,Coastal,Low,Winter,Clear,Moderate,Good,Manual Station,25.61,20.96,72.02,0.0,1011.51,11.46,255,14.27,12.8,38.19,8.27,False,False,52.05
MET-00883,2025-08-23,Pune,Inland,High,Monsoon,Humid,Moderate,Excellent,Airport Station,30.62,25.78,88.11,6.81,1013.89,9.67,53,23.15,10.91,47.74,8.22,False,False,62.33
MET-00884,2024-04-11,Aurangabad,Inland,Medium,Summer,Clear,Moderate,Excellent,Automatic Station,29.72,22.02,61.44,0.0,1017.9,8.95,47,15.47,12.79,28.37,8.35,False,False,55.32
MET-00885,2024-10-27,Mumbai,Coastal,High,Post-Monsoon,Humid,Moderate,Good,Automatic Station,30.78,20.56,96.1,0.11,1011.63,7.8,359,19.33,6.5,69.47,6.37,False,False,58.85
MET-00886,2025-06-29,Nashik,Inland,Medium,Monsoon,Clear,Moderate,Good,Automatic Station,33.69,26.2,72.97,0.0,1010.11,8.76,229,20.68,10.6,56.94,8.71,False,False,67.02
MET-00887,2025-10-25,Solapur,Inland,Medium,Post-Monsoon,Clear,Moderate,Poor,Manual Station,25.98,18.31,78.13,0.0,1016.61,9.75,333,15.01,13.9,33.8,7.74,False,False,49.5
MET-00888,2024-01-25,Solapur,Inland,Medium,Winter,Clear,Moderate,Fair,Airport Station,28.46,18.25,64.06,0.0,1016.2,6.87,81,11.98,8.81,44.84,7.9,False,False,68.34
MET-00889,2025-08-05,Pune,Inland,High,Monsoon,Rainy,Strong,Good,Automatic Station,31.23,26.2,76.88,57.95,1021.26,14.84,52,23.77,10.19,87.71,6.24,False,False,60.12
MET-00890,2024-09-15,Pune,Inland,High,Monsoon,Cloudy,Moderate,Excellent,Automatic Station,29.73,21.11,78.92,36.07,1010.25,10.79,344,17.17,8.98,76.15,5.1,False,False,75.15
MET-00891,2025-06-17,Solapur,Inland,Medium,Monsoon,Clear,Moderate,Good,Automatic Station,38.12,28.0,61.16,3.64,1005.44,10.05,62,21.84,13.39,33.83,10.31,False,False,62.9
MET-00892,2024-08-04,Kolhapur,Inland,Medium,Monsoon,Clear,Moderate,Good,Manual Station,31.2,24.56,79.01,8.13,1023.85,,197,,12.01,71.09,5.57,False,False,73.11
MET-00893,2024-05-10,Aurangabad,Inland,,Summer,Clear,Moderate,Good,Automatic Station,35.34,23.34,62.24,0.0,1012.7,6.71,89,17.04,10.93,34.15,,False,False,64.37
MET-00894,2025-10-08,Ratnagiri,Coastal,Low,Post-Monsoon,Humid,Moderate,Good,Automatic Station,31.94,22.54,88.61,0.0,996.76,10.24,250,19.85,6.97,51.23,5.4,False,False,57.69
MET-00895,2024-08-14,Mumbai,Coastal,High,Monsoon,Rainy,Moderate,Fair,Automatic Station,36.89,31.79,86.22,,997.43,11.58,232,28.83,5.0,100.0,3.42,True,False,55.44
MET-00896,2024-04-12,Ratnagiri,Coastal,Low,Summer,Clear,Moderate,Good,Manual Station,34.48,26.01,48.73,0.0,1000.94,7.57,194,14.43,16.15,33.73,7.95,False,False,65.9
MET-00897,2024-05-01,Pune,Inland,,Summer,Clear,Moderate,Excellent,Automatic Station,31.56,24.26,46.68,0.0,1009.89,9.37,63,14.43,13.01,33.72,5.53,False,False,
MET-00898,2025-04-25,Pune,Inland,High,Summer,Clear,Moderate,Poor,Automatic Station,31.9,24.69,50.68,0.0,1010.71,5.42,162,15.42,14.71,38.76,9.67,False,False,68.96
MET-00899,2025-02-19,Kolhapur,Inland,Medium,Winter,Clear,Moderate,Good,Automatic Station,25.72,22.17,43.67,0.0,1013.49,7.66,240,11.59,13.45,23.37,10.58,False,False,
MET-00900,2025-05-12,Aurangabad,Inland,Medium,Summer,Clear,Moderate,Good,Automatic Station,35.05,24.41,64.78,0.0,1007.52,7.62,254,18.73,11.17,38.36,12.38,False,False,59.55
MET-00901,2024-06-20,Mumbai,Coastal,High,Monsoon,Rainy,Moderate,Excellent,Automatic Station,41.54,,,88.85,,9.63,335,23.95,13.48,81.28,6.67,True,False,64.88
MET-00902,2025-01-01,Nashik,Inland,Medium,Winter,Clear,Moderate,good,Airport Station,22.5,15.68,79.17,0.0,1012.36,9.59,301,11.9,8.9,,6.84,False,False,51.77
MET-00903,2025-06-16,Ratnagiri,Coastal,Low,Monsoon,Cloudy,Moderate,Fair,Automatic Station,36.7,30.47,78.07,39.78,1000.85,10.81,299,25.01,11.77,80.43,7.2,False,False,69.1
MET-00904,2025-02-20,,,High,Winter,Clear,Moderate,Fair,Manual Station,29.17,19.96,64.16,0.34,1007.16,10.13,132,12.89,11.91,30.1,7.85,False,False,68.69
MET-00905,2024-04-12,Nagpur,Inland,High,Summer,Clear,Moderate,Good,Automatic Station,35.33,24.02,54.91,4.4,1004.67,7.84,233,15.72,13.41,42.97,7.14,False,False,69.31
MET-00906,2025-08-12,Mumbai,Coastal,High,Monsoon,Cloudy,Moderate,Good,Manual Station,38.88,26.71,76.83,38.01,999.76,8.36,254,22.38,13.16,73.45,7.7,False,False,67.57
MET-00907,2024-04-22,Nashik,Inland,Medium,Summer,Clear,Moderate,Good,Manual Station,35.53,23.44,48.9,1.86,1012.69,9.96,79,13.69,11.5,35.5,10.33,False,False,66.62
MET-00908,2025-08-09,Mumbai,Coastal,High,Monsoon,Cloudy,Strong,Excellent,Automatic Station,35.01,29.27,92.72,21.03,999.9,12.72,350,27.67,8.92,74.68,5.85,False,False,73.49
MET-00909,2025-06-26,Pune,Inland,High,Monsoon,Clear,Moderate,Good,Airport Station,32.67,27.47,58.71,0.0,1014.76,10.91,71,20.21,15.27,22.81,9.15,False,False,63.81
MET-00910,2024-10-23,Mumbai,Coastal,High,Post-Monsoon,Clear,Moderate,Good,Automatic Station,27.15,24.74,80.63,0.0,1007.49,10.66,264,21.66,10.02,56.75,9.13,False,False,
MET-00911,2024-01-04,Mumbai,Coastal,High,,Humid,Moderate,Good,Manual Station,27.17,19.76,84.53,0.05,1011.17,10.53,238,18.1,8.26,52.77,6.52,False,False,67.14
MET-00912,2024-04-04,Aurangabad,Inland,Medium,Summer,Clear,Calm,Excellent,Manual Station,33.33,24.37,52.93,0.0,1009.01,3.86,84,16.2,11.27,49.16,6.29,False,False,70.43
MET-00913,2025-02-13,Pune,Inland,High,Winter,Clear,Moderate,Excellent,Automatic Station,26.14,16.89,68.26,0.0,1011.78,8.57,288,11.74,14.72,33.95,7.6,False,False,61.81
MET-00914,2025-08-20,Mumbai,Coastal,High,Monsoon,Rainy,Strong,Good,Automatic Station,37.87,29.89,87.59,46.32,1002.24,13.71,187,,12.36,77.43,5.74,False,False,84.29
MET-00915,2024-12-01,Pune,Inland,High,Winter,Clear,Moderate,Good,Automatic Station,24.07,15.34,61.7,0.0,1018.62,11.45,171,7.9,12.15,38.0,6.69,False,False,63.97
MET-00916,2024-04-18,Pune,Inland,High,Summer,Clear,Moderate,Fair,Automatic Station,31.05,23.47,55.59,1.93,1018.81,7.04,285,,13.36,35.26,9.42,False,False,53.91
MET-00917,2025-08-12,Mumbai,Coastal,High,Monsoon,Rainy,Moderate,Fair,Airport Station,37.0,30.1,88.26,52.15,999.25,11.7,49,27.65,6.89,100.0,8.57,False,False,71.45
MET-00918,2025-01-07,Mumbai,,,Winter,Clear,Strong,Good,Automatic Station,28.9,20.86,69.85,1.86,1005.89,13.28,228,14.35,13.64,53.53,8.85,False,False,64.59
MET-00919,2024-01-13,Kolhapur,Inland,Medium,Winter,Clear,Moderate,Fair,Automatic Station,26.43,,,0.0,1020.94,9.05,347,10.05,13.65,38.4,4.73,False,False,59.64
MET-00920,2025-09-25,Pune,Inland,High,Monsoon,Clear,Moderate,Excellent,Manual Station,30.06,21.87,74.29,0.0,1015.5,10.01,272,17.66,11.23,33.46,8.99,False,False,55.2
MET-00921,2025-10-21,Nagpur,Inland,High,Post-Monsoon,Clear,Moderate,good,Automatic Station,30.61,18.22,76.61,3.76,1019.57,8.85,18,14.19,8.15,69.92,8.35,False,False,65.03
MET-00922,2025-06-22,Aurangabad,Inland,Medium,Monsoon,Clear,Moderate,Good,Manual Station,36.06,28.18,70.56,0.0,1009.25,8.64,17,22.1,9.93,53.46,8.46,False,False,67.35
MET-00923,2024-12-02,Nagpur,Inland,High,Winter,Clear,Moderate,Excellent,Automatic Station,24.09,,67.1,0.0,1012.53,8.86,99,14.71,8.19,38.61,8.31,False,False,
MET-00924,2024-04-06,Aurangabad,Inland,Medium,Summer,Clear,Moderate,Good,,29.42,23.15,57.96,0.0,1017.07,9.93,327,16.53,12.17,51.93,6.91,False,False,67.18
MET-00925,2024-03-13,Pune,Inland,High,Summer,Clear,Calm,Excellent,Automatic Station,27.84,18.42,58.15,0.0,1024.48,4.81,255,11.76,,41.96,4.63,False,False,
MET-00926,2025-09-07,Kolhapur,Inland,Medium,Monsoon,Humid,Moderate,Fair,Manual Station,30.11,23.03,84.15,9.96,1016.96,11.49,90,21.22,10.27,69.05,6.73,False,False,54.27
MET-00927,2025-11-18,Mumbai,Coastal,High,Post-Monsoon,Clear,Moderate,Good,Manual Station,31.81,19.87,80.76,0.0,1004.89,9.65,149,18.28,16.29,,6.28,False,False,76.23
MET-00928,2025-02-03,Nashik,,Medium,Winter,Clear,Moderate,,Automatic Station,27.71,14.7,63.6,0.0,1014.87,8.49,123,7.5,15.69,34.45,10.48,False,False,53.92
MET-00929,2024-08-05,Pune,Inland,High,,Clear,Moderate,Fair,Manual Station,31.18,24.9,79.27,0.0,1015.3,6.16,34,20.36,12.84,61.77,4.3,False,False,68.55
MET-00930,2024-09-23,Ratnagiri,Coastal,Low,Monsoon,Humid,Moderate,Excellent,Automatic Station,29.06,23.56,94.92,23.65,1001.66,11.45,260,22.12,10.25,69.84,10.71,False,False,58.95
MET-00931,2024-05-09,,Inland,Medium,Summer,Clear,Moderate,,Automatic Station,30.68,25.37,59.9,0.0,1013.31,9.81,256,18.65,14.0,35.44,10.52,False,False,64.74
MET-00932,2024-04-27,,Inland,Medium,Summer,Clear,Moderate,Good,Manual Station,34.23,28.33,46.09,0.0,1012.19,8.13,218,18.89,12.3,39.35,10.92,False,False,57.45
MET-00933,2025-10-25,Mumbai,Coastal,High,Post-Monsoon,Humid,Moderate,Fair,Manual Station,31.84,25.11,96.69,2.8,1002.58,,169,24.33,10.73,51.9,7.4,False,False,61.89
MET-00934,2025-04-09,Aurangabad,Inland,Medium,Summer,Clear,Moderate,Fair,Airport Station,31.11,24.5,54.19,0.0,1010.53,6.7,291,15.16,14.14,34.03,9.88,False,False,54.94
MET-00935,2024-08-19,Ratnagiri,Coastal,Low,,Humid,Moderate,Fair,Automatic Station,35.52,26.09,92.67,17.35,992.61,9.37,163,25.45,9.66,71.34,6.22,False,False,67.45
MET-00936,2024-05-27,Nagpur,Inland,,Summer,Clear,Moderate,Excellent,Airport Station,38.87,,,0.0,1003.99,9.91,353,17.06,16.57,34.63,9.87,False,False,63.11
MET-00937,2025-04-29,Nagpur,Inland,High,Summer,Clear,Moderate,Excellent,Manual Station,35.3,27.89,58.73,1.9,1003.45,6.89,68,21.14,15.28,45.03,10.32,False,False,62.72
MET-00938,2024-06-13,Mumbai,,High,Monsoon,Rainy,Moderate,Good,Automatic Station,37.32,,74.99,55.17,1006.17,,353,25.26,10.33,80.24,5.13,False,False,74.0
MET-00939,2024-01-19,Nashik,Inland,Medium,Winter,Clear,Moderate,Excellent,Automatic Station,21.56,18.22,59.6,1.67,1015.0,9.72,319,10.8,10.43,39.29,10.19,False,False,51.73
MET-00940,2024-11-29,Mumbai,Coastal,High,Post-Monsoon,Clear,Moderate,Fair,,27.32,19.69,72.18,0.0,1008.57,8.29,208,15.12,12.9,53.62,10.79,False,False,56.69
MET-00941,2025-08-18,Pune,Inland,High,Monsoon,Cloudy,Moderate,Poor,Automatic Station,30.33,,82.99,21.8,1008.48,,210,20.59,11.4,72.87,5.82,False,False,64.73
MET-00942,2025-07-04,Nashik,Inland,Medium,Monsoon,Clear,Moderate,Poor,,,25.73,76.27,11.85,1006.43,7.62,87,20.72,10.08,55.17,4.82,False,False,62.12
MET-00943,2025-11-12,Kolhapur,Inland,Medium,Post-Monsoon,,Moderate,Poor,Automatic Station,25.32,17.02,77.76,0.0,1018.14,6.55,306,13.27,9.59,61.22,8.28,False,False,61.39
MET-00944,2025-01-28,Mumbai,Coastal,High,Winter,Clear,Moderate,Fair,Automatic Station,30.24,19.71,65.28,0.0,1007.29,10.35,110,13.91,11.15,43.67,8.27,False,False,
MET-00945,2025-04-18,Solapur,Inland,Medium,Summer,Clear,Moderate,Good,Automatic Station,34.1,23.04,39.77,0.0,1007.37,10.11,287,11.47,,28.99,9.3,False,False,72.7
MET-00946,2025-05-30,Pune,Inland,High,Summer,Clear,Moderate,Poor,Manual Station,30.39,24.35,59.89,0.0,1018.22,10.31,190,18.01,12.31,42.02,8.19,False,False,67.58
MET-00947,2024-06-04,Nashik,Inland,Medium,Monsoon,Clear,Moderate,Good,Automatic Station,36.5,27.48,65.29,0.0,1009.83,6.04,226,19.99,8.67,45.77,11.04,False,False,60.42
MET-00948,2025-09-22,Kolhapur,Inland,Medium,Monsoon,Clear,Moderate,Fair,Automatic Station,28.03,20.72,81.48,17.02,1017.93,9.7,139,17.64,9.35,57.0,11.14,False,False,52.8
MET-00949,2025-11-21,Pune,Inland,High,Post-Monsoon,Clear,Moderate,Excellent,,29.22,14.69,70.84,4.29,1008.85,7.67,41,10.0,14.89,48.69,,False,False,56.04
MET-00950,2025-04-14,,Inland,Medium,Summer,Clear,Moderate,Good,Automatic Station,34.6,27.33,52.88,0.0,1009.63,9.5,11,19.33,10.53,26.08,12.59,False,False,51.33
MET-00951,2025-03-12,Mumbai,Coastal,High,Summer,Clear,Moderate,Good,Automatic Station,31.71,26.84,56.76,0.0,1000.73,10.87,150,19.03,16.25,21.1,7.74,False,False,69.55
MET-00952,2024-01-27,Aurangabad,Inland,Medium,Winter,Clear,Moderate,Excellent,Automatic Station,24.92,16.26,62.96,0.0,1015.72,11.34,259,10.59,,33.64,10.19,False,False,46.03
MET-00953,2025-06-06,Mumbai,Coastal,High,Monsoon,Clear,Moderate,Good,Airport Station,37.65,31.21,79.8,9.95,998.16,8.47,6,27.63,9.93,61.27,8.47,False,False,70.27
MET-00954,2025-11-22,Solapur,Inland,Medium,Post-Monsoon,Humid,Moderate,Excellent,Automatic Station,22.98,18.41,84.41,0.0,1026.98,8.09,178,15.21,9.6,41.0,6.73,False,False,49.33
MET-00955,2024-03-03,Nagpur,Inland,High,Summer,Clear,Moderate,Good,Automatic Station,27.15,21.77,63.22,0.0,1022.54,6.51,299,15.22,7.81,38.53,4.55,False,False,59.06
MET-00956,2025-08-02,Nagpur,Inland,High,Monsoon,Clear,Moderate,Excellent,Manual Station,35.71,23.48,64.17,,1006.56,7.47,182,16.85,13.49,36.55,9.86,False,False,65.7
MET-00957,2025-09-28,Ratnagiri,Coastal,Low,Monsoon,Rainy,Strong,Excellent,Automatic Station,34.64,23.24,95.52,50.44,1004.85,12.03,182,21.82,6.48,100.0,,True,True,61.51
MET-00958,2024-09-25,Aurangabad,Inland,Medium,Monsoon,Clear,Moderate,Excellent,Airport Station,31.25,18.7,66.2,16.76,1016.81,7.93,324,12.94,10.63,51.27,7.04,False,False,50.07
MET-00959,2024-11-26,Nashik,Inland,Medium,Post-Monsoon,Humid,Moderate,Excellent,Manual Station,22.48,14.06,85.92,0.37,1019.05,9.77,129,11.46,11.82,51.06,,False,False,51.23
MET-00960,2024-08-17,Mumbai,Coastal,High,Monsoon,Humid,Strong,Good,Manual Station,36.92,28.27,,10.31,1003.86,12.15,26,26.13,9.51,57.55,6.47,False,False,80.22
MET-00961,2025-01-20,,Coastal,High,Winter,Clear,Moderate,Good,Manual Station,,20.77,61.61,0.0,1005.81,6.32,106,12.28,12.46,24.49,6.73,False,False,64.35
MET-00962,2025-11-04,Mumbai,COASTAL,High,Post-Monsoon,Clear,Moderate,Excellent,Airport Station,31.7,23.25,76.28,0.0,1004.19,7.44,218,18.76,11.1,35.76,10.05,False,False,53.22
MET-00963,2025-03-18,Aurangabad,Inland,Medium,Summer,Clear,Moderate,Good,Automatic Station,28.21,18.82,59.15,0.0,1019.83,9.31,56,10.69,12.24,25.9,9.41,False,False,56.82
MET-00964,2024-03-08,Kolhapur,Inland,Medium,,Clear,Moderate,Good,,25.72,23.0,56.56,0.0,1012.58,6.56,50,16.0,9.99,36.07,8.47,False,False,41.96
MET-00965,2024-10-07,,Inland,Medium,Post-Monsoon,Humid,Moderate,Good,Automatic Station,25.43,17.5,82.84,0.3,1013.73,9.82,219,14.48,8.52,56.45,8.05,False,False,52.58
MET-00966,2025-11-09,Ratnagiri,Coastal,Low,Post-Monsoon,Humid,Strong,Excellent,Automatic Station,28.92,21.35,95.44,0.07,1007.78,12.34,213,20.21,9.79,71.39,7.04,False,False,57.32
MET-00967,2025-07-14,Nagpur,Inland,,Monsoon,Clear,Moderate,Good,Automatic Station,34.05,29.31,65.41,11.54,1009.86,7.97,222,22.86,13.67,44.77,9.57,False,False,62.37
MET-00968,2024-07-18,Mumbai,Coastal,High,Monsoon,Humid,Strong,Good,Automatic Station,33.45,32.55,85.6,30.26,996.96,14.85,188,30.45,10.0,54.73,4.08,False,False,71.59
MET-00969,2024-11-28,Pune,Inland,High,Post-Monsoon,Clear,Calm,Good,Automatic Station,24.9,15.34,67.83,0.0,1012.72,3.62,240,9.01,10.76,38.32,6.95,False,False,59.96
MET-00970,2024-01-26,Kolhapur,Inland,Medium,Winter,Clear,Calm,Good,Manual Station,28.37,16.7,55.12,0.0,1010.11,4.78,308,9.95,9.56,29.7,10.95,False,False,42.25
MET-00971,2024-08-17,Pune,Inland,High,Monsoon,Cloudy,Moderate,Good,Manual Station,29.74,24.36,75.89,43.19,1010.79,11.25,176,20.37,8.44,72.59,6.57,False,False,66.51
MET-00972,2025-01-13,Mumbai,,High,Winter,Clear,Moderate,Excellent,Automatic Station,28.8,22.69,,0.0,1005.69,8.39,182,17.86,12.31,44.95,8.66,False,False,51.92
MET-00973,2025-07-03,Aurangabad,Inland,Medium,Monsoon,,Moderate,Excellent,,35.31,26.43,65.55,57.88,1013.21,10.93,70,20.98,11.87,71.9,4.8,False,False,68.89
MET-00974,2025-04-29,Solapur,Inland,Medium,Summer,Clear,Moderate,Excellent,,31.54,26.07,53.34,0.0,1012.28,8.52,92,20.06,10.49,36.78,9.54,False,False,62.69
MET-00975,2024-09-18,Nagpur,Inland,High,Monsoon,Clear,Moderate,Excellent,Airport Station,31.56,22.68,78.09,0.0,1008.29,11.3,322,18.66,11.5,51.92,6.86,False,False,72.61
MET-00976,2025-10-23,Ratnagiri,Coastal,Low,Post-Monsoon,Humid,Moderate,Good,Manual Station,,21.78,84.63,0.0,998.26,10.52,324,19.4,7.94,54.92,9.34,False,False,63.04
MET-00977,2024-06-20,Solapur,Inland,Medium,Monsoon,Rainy,Moderate,Good,Automatic Station,33.54,26.31,66.42,45.83,1014.74,7.42,346,21.14,10.94,67.5,4.63,False,False,61.39
MET-00978,2025-01-21,Mumbai,Coastal,High,Winter,Clear,Moderate,Good,Manual Station,30.71,,56.74,0.13,1010.12,6.52,89,13.42,13.42,39.76,,False,False,52.55
MET-00979,2025-10-03,,Inland,High,Post-Monsoon,Clear,Moderate,Good,Manual Station,30.54,19.02,65.24,0.0,1010.59,5.11,160,12.97,9.9,39.32,4.48,False,False,63.69
MET-00980,2024-04-30,Solapur,Inland,,Summer,Clear,Calm,Excellent,Airport Station,33.67,25.91,60.82,0.0,1010.82,4.21,224,17.72,14.47,,8.08,False,False,59.25
MET-00981,2025-08-12,Mumbai,Coastal,High,Monsoon,Cloudy,Moderate,Good,Manual Station,38.88,26.71,76.83,38.01,999.76,8.36,254,22.38,13.16,73.45,7.7,False,False,67.57
MET-00982,2024-11-04,Nashik,Inland,Medium,Post-Monsoon,Humid,Moderate,Good,,25.22,17.74,84.49,0.5,1014.14,5.95,119,15.38,10.93,53.93,1.67,False,False,55.75
MET-00983,2024-08-28,Mumbai,COASTAL,High,Monsoon,Clear,Strong,Good,,33.5,25.25,78.28,,1007.9,12.09,238,19.17,,66.52,8.79,False,False,68.72
MET-00984,2025-10-12,Mumbai,Coastal,High,Post-Monsoon,Humid,Moderate,Excellent,Manual Station,32.33,22.77,,0.0,995.47,11.14,273,19.85,13.2,43.38,7.12,False,False,64.09
MET-00985,2025-07-22,Solapur,Inland,Medium,Monsoon,Humid,Moderate,GOOD,Automatic Station,,28.58,89.44,21.68,1009.64,8.14,163,27.67,7.72,64.15,4.14,False,False,62.61
MET-00986,2024-05-09,,Inland,Medium,Summer,Clear,Moderate,,Automatic Station,30.68,25.37,59.9,0.0,1013.31,9.81,256,18.65,14.0,35.44,10.52,False,False,64.74
MET-00987,2025-03-29,Solapur,Inland,Medium,Summer,Clear,Moderate,Fair,,32.19,25.85,50.15,0.0,1004.35,6.75,132,16.79,16.44,25.66,10.54,False,False,64.47
MET-00988,2025-07-17,Kolhapur,Inland,Medium,Monsoon,Clear,Moderate,GOOD,Automatic Station,33.53,27.02,73.48,0.0,1010.08,9.64,291,22.95,9.98,44.54,9.08,False,False,66.25
MET-00989,2025-12-02,Nagpur,Inland,High,Winter,Clear,Moderate,good,Automatic Station,24.62,16.79,63.15,0.45,1011.58,7.53,257,,11.63,48.07,7.77,False,False,53.38
MET-00990,2025-08-11,Pune,Inland,High,Monsoon,Clear,Moderate,Good,Manual Station,30.81,27.66,76.61,5.94,1014.28,8.89,276,23.31,11.08,54.65,7.5,False,False,68.61
MET-00991,2025-01-28,Nashik,Inland,Medium,Winter,Clear,Moderate,Good,Automatic Station,25.32,15.39,60.23,0.0,1016.39,6.31,344,7.41,16.0,14.15,,False,False,46.41
MET-00992,2024-08-07,Kolhapur,Inland,Medium,Monsoon,Cloudy,Moderate,Good,Automatic Station,34.5,26.64,88.44,26.08,1010.6,11.58,250,23.98,10.22,73.23,3.36,False,True,74.12
MET-00993,2025-03-09,Nagpur,,High,Summer,Clear,Moderate,Fair,Automatic Station,30.1,21.46,41.44,0.0,1014.27,,73,,11.99,38.92,9.83,False,False,56.97
MET-00994,2025-05-01,Aurangabad,Inland,Medium,Summer,Clear,Moderate,,,33.95,24.33,71.49,,1013.41,6.59,114,19.93,16.22,34.8,9.0,False,False,63.11
MET-00995,2025-09-22,Pune,Inland,High,Monsoon,Clear,Moderate,Good,Airport Station,28.13,18.95,63.52,2.89,1013.32,8.73,114,11.87,12.18,42.42,5.43,False,False,67.76
MET-00996,2025-04-01,Mumbai,Coastal,High,Summer,Clear,Moderate,Good,,35.1,28.08,55.68,0.0,999.88,10.08,65,19.83,14.1,42.04,6.02,False,False,78.75
MET-00997,2025-10-23,Ratnagiri,Coastal,Low,Post-Monsoon,Humid,Moderate,Good,Manual Station,,21.78,84.63,0.0,998.26,10.52,324,19.4,7.94,54.92,9.34,False,False,63.04
MET-00998,2025-01-18,Aurangabad,Inland,Medium,Winter,Clear,Moderate,Good,Manual Station,21.49,15.5,61.71,,1030.51,5.73,184,8.22,12.3,51.29,8.25,False,False,52.45
MET-00999,2024-04-06,Mumbai,Coastal,High,Summer,Clear,Moderate,Fair,Airport Station,35.7,28.73,74.4,0.78,1004.99,11.69,83,24.35,11.62,44.29,6.68,False,False,75.58
MET-01000,2025-08-20,Mumbai,Coastal,High,Monsoon,Rainy,Strong,Good,Automatic Station,37.87,29.89,87.59,46.32,1002.24,13.71,187,,12.36,77.43,5.74,False,False,84.29
